user_id,company_id,area_id,area_name,post_id,post_name,user_name,company_name
1510,24,83,ACIDIFICACION,147,SUPERVISOR MECANICO,Michelle Vega-Guajardo Vásquez,Laboratorio Vergara y Asociados Limitada
1514,24,83,ACIDIFICACION,151,M-1 INSTRUMENTISTA,Anaís Jara,Laboratorio Vergara y Asociados Limitada
1515,24,83,ACIDIFICACION,152,M1 - MECANICO SOLDADOR,Sofía Agustina Castro Soto,Laboratorio Vergara y Asociados Limitada
1517,24,83,ACIDIFICACION,154,SUPERVISOR ELECTRICO,Juan Claudio Cruz Alfaro,Laboratorio Vergara y Asociados Limitada
1530,24,83,ACIDIFICACION,161,M-1 OPERADOR DE CAMION,Mauricio Martín Espinoza Vilches,Laboratorio Vergara y Asociados Limitada
1539,24,83,ACIDIFICACION,166,M-1 MECANICO HIDRAULICO,Nora Flores,Laboratorio Vergara y Asociados Limitada
1541,24,83,ACIDIFICACION,487,LIDER MECANICO,José René Torres Mora,Laboratorio Vergara y Asociados Limitada
1545,24,83,ACIDIFICACION,487,LIDER MECANICO,María Juana Saavedra Garrido,Laboratorio Vergara y Asociados Limitada
1547,24,83,ACIDIFICACION,487,LIDER MECANICO,Jorge Fernando Chandía Madrid,Laboratorio Vergara y Asociados Limitada
1549,24,83,ACIDIFICACION,155,M-1 MECANICO SOLDADOR,Gloria Alarcón,Laboratorio Vergara y Asociados Limitada
1553,24,83,ACIDIFICACION,173,LIDER MECANICO (SUPERVISOR MECANICO),Rosa Emma Alarcón González,Laboratorio Vergara y Asociados Limitada
1557,24,83,ACIDIFICACION,175,M-1 ELECTRICO,Graciela Guzmán,Laboratorio Vergara y Asociados Limitada
1663,24,83,ACIDIFICACION,175,M-1 ELECTRICO,Juana Rubio,Laboratorio Vergara y Asociados Limitada
1665,24,83,ACIDIFICACION,487,LIDER MECANICO,Albertina Núñez,Laboratorio Vergara y Asociados Limitada
1666,24,83,ACIDIFICACION,151,M-1 INSTRUMENTISTA,Alice Sepúlveda Alvarado,Laboratorio Vergara y Asociados Limitada
1676,24,83,ACIDIFICACION,175,M-1 ELECTRICO,Diego Alex Becerra Rojas,Laboratorio Vergara y Asociados Limitada
1682,24,83,ACIDIFICACION,177,LIDER ELECTRICO INSTRUMENTISTA,María Sofía Montenegro Cerda,Laboratorio Vergara y Asociados Limitada
1687,24,83,ACIDIFICACION,155,M-1 MECANICO SOLDADOR,Dionisio Rebolledo-Toro,Laboratorio Vergara y Asociados Limitada
1689,24,83,ACIDIFICACION,175,M-1 ELECTRICO,Felipe Carlos Vera Contreras,Laboratorio Vergara y Asociados Limitada
1696,24,83,ACIDIFICACION,175,M-1 ELECTRICO,Manuel Contreras,Laboratorio Vergara y Asociados Limitada
1697,24,83,ACIDIFICACION,175,M-1 ELECTRICO,Patricio Rafael Riquelme Ayala,Laboratorio Vergara y Asociados Limitada
1700,24,83,ACIDIFICACION,155,M-1 MECANICO SOLDADOR,Mariana Mamani Jara,Laboratorio Vergara y Asociados Limitada
1701,24,83,ACIDIFICACION,175,M-1 ELECTRICO,Rosa Ximena Véliz Pizarro,Laboratorio Vergara y Asociados Limitada
1704,24,83,ACIDIFICACION,161,M-1 OPERADOR DE CAMION,Daniel Jean Meléndez Godoy,Laboratorio Vergara y Asociados Limitada
1706,24,83,ACIDIFICACION,147,SUPERVISOR MECANICO,Andrea María Quiroz Fuentealba,Laboratorio Vergara y Asociados Limitada
1707,24,83,ACIDIFICACION,151,M-1 INSTRUMENTISTA,Johana Carmen Valenzuela Bravo,Laboratorio Vergara y Asociados Limitada
1708,24,83,ACIDIFICACION,487,LIDER MECANICO,Marisol Díaz Saavedra,Laboratorio Vergara y Asociados Limitada
1709,24,83,ACIDIFICACION,161,M-1 OPERADOR DE CAMION,Martina Teresa Escobar Peña,Laboratorio Vergara y Asociados Limitada
1713,24,83,ACIDIFICACION,155,M-1 MECANICO SOLDADOR,Oscar Retamal-Lobos González,Laboratorio Vergara y Asociados Limitada
1725,24,83,ACIDIFICACION,191,JEFE AREA MANTENCION,Martín Cid,Laboratorio Vergara y Asociados Limitada
1727,24,83,ACIDIFICACION,487,LIDER MECANICO,Máximo Santibáñez,Laboratorio Vergara y Asociados Limitada
1728,24,83,ACIDIFICACION,192,MECANICO OPERADOR,Andrea López,Laboratorio Vergara y Asociados Limitada
1729,24,83,ACIDIFICACION,155,M-1 MECANICO SOLDADOR,René Ramón Henríquez Ibarra,Laboratorio Vergara y Asociados Limitada
1733,24,83,ACIDIFICACION,487,LIDER MECANICO,René Carvajal González,Laboratorio Vergara y Asociados Limitada
1735,24,83,ACIDIFICACION,155,M-1 MECANICO SOLDADOR,Richard Domínguez Palma,Laboratorio Vergara y Asociados Limitada
1742,24,83,ACIDIFICACION,155,M-1 MECANICO SOLDADOR,Adrián Bustos Aguilar,Laboratorio Vergara y Asociados Limitada
1743,24,83,ACIDIFICACION,155,M-1 MECANICO SOLDADOR,Misael Godoy Herrera,Laboratorio Vergara y Asociados Limitada
1745,24,83,ACIDIFICACION,487,LIDER MECANICO,Raúl Sebastián Moraga Mena,Laboratorio Vergara y Asociados Limitada
1748,24,83,ACIDIFICACION,155,M-1 MECANICO SOLDADOR,Jonathan René Díaz Soto,Laboratorio Vergara y Asociados Limitada
1750,24,83,ACIDIFICACION,161,M-1 OPERADOR DE CAMION,William José Muñoz Pérez,Laboratorio Vergara y Asociados Limitada
1752,24,83,ACIDIFICACION,487,LIDER MECANICO,Abel Víctor Almonacid García,Laboratorio Vergara y Asociados Limitada
1755,24,83,ACIDIFICACION,199,M1 ELECTRICO,Marcela Angélica Andrade-Mora Olguín,Laboratorio Vergara y Asociados Limitada
1759,24,83,ACIDIFICACION,201,M1 MECANICO SOLDADOR,Cristian Rubén Videla Vergara,Laboratorio Vergara y Asociados Limitada
1768,24,83,ACIDIFICACION,175,M-1 ELECTRICO,Victoria Arce,Laboratorio Vergara y Asociados Limitada
1772,24,83,ACIDIFICACION,487,LIDER MECANICO,Verónica Llanos Ortega,Laboratorio Vergara y Asociados Limitada
1778,24,83,ACIDIFICACION,161,M-1 OPERADOR DE CAMION,Julieta Yessenia Rodríguez-Ortiz Mansilla,Laboratorio Vergara y Asociados Limitada
1781,24,83,ACIDIFICACION,155,M-1 MECANICO SOLDADOR,Ángel Manuel Álvarez Aguilera,Laboratorio Vergara y Asociados Limitada
1783,24,83,ACIDIFICACION,204,LIDER ELECTRICO INSTRUMENTISTA (supervisor Electrico),Ronald Cisterna Rojas,Laboratorio Vergara y Asociados Limitada
1789,24,83,ACIDIFICACION,175,M-1 ELECTRICO,Víctor Ojeda-Durán Ríos,Laboratorio Vergara y Asociados Limitada
1792,24,83,ACIDIFICACION,166,M-1 MECANICO HIDRAULICO,Aurora Contreras Yáñez,Laboratorio Vergara y Asociados Limitada
1802,24,83,ACIDIFICACION,155,M-1 MECANICO SOLDADOR,Roberto Julián Beltrán Cerda,Laboratorio Vergara y Asociados Limitada
1805,24,83,ACIDIFICACION,209,JEFE DE OPERACIONES,Catalina Nicole Torres Collao,Laboratorio Vergara y Asociados Limitada
1821,24,83,ACIDIFICACION,487,LIDER MECANICO,Domingo Hernán Jerez Muñoz,Laboratorio Vergara y Asociados Limitada
1822,24,83,ACIDIFICACION,151,M-1 INSTRUMENTISTA,María Salazar Carrasco,Laboratorio Vergara y Asociados Limitada
1824,24,83,ACIDIFICACION,155,M-1 MECANICO SOLDADOR,Amaya María Veas Reyes,Laboratorio Vergara y Asociados Limitada
2352,24,83,ACIDIFICACION,155,M-1 MECANICO SOLDADOR,Valentina San Martín Mora,Laboratorio Vergara y Asociados Limitada
2354,24,83,ACIDIFICACION,155,M-1 MECANICO SOLDADOR,Luis Jorge Pinto Zamora,Laboratorio Vergara y Asociados Limitada
3169,24,83,ACIDIFICACION,487,LIDER MECANICO,Germán Sebastián Ramos Maturana,Laboratorio Vergara y Asociados Limitada
4815,24,83,ACIDIFICACION,152,M1 - MECANICO SOLDADOR,José Mora,Laboratorio Vergara y Asociados Limitada
6275,24,83,ACIDIFICACION,169,LIDER MECANICO,Santiago Marchant,Laboratorio Vergara y Asociados Limitada
7064,24,83,ACIDIFICACION,151,M-1 INSTRUMENTISTA,Trinidad Liliana Retamal Ríos,Laboratorio Vergara y Asociados Limitada
7065,24,83,ACIDIFICACION,155,M-1 MECANICO SOLDADOR,Andrés Arancibia Ojeda,Laboratorio Vergara y Asociados Limitada
7074,24,83,ACIDIFICACION,152,M1 - MECANICO SOLDADOR,Fabiola Rojas Tello,Laboratorio Vergara y Asociados Limitada
7076,24,83,ACIDIFICACION,152,M1 - MECANICO SOLDADOR,Emma Rivera Martínez,Laboratorio Vergara y Asociados Limitada
7077,24,83,ACIDIFICACION,152,M1 - MECANICO SOLDADOR,Trinidad Santana Contreras,Laboratorio Vergara y Asociados Limitada
7091,24,83,ACIDIFICACION,155,M-1 MECANICO SOLDADOR,Gustavo Ignacio Alarcón Cabrera,Laboratorio Vergara y Asociados Limitada
7092,24,83,ACIDIFICACION,155,M-1 MECANICO SOLDADOR,Raquel Jerez,Laboratorio Vergara y Asociados Limitada
7093,24,83,ACIDIFICACION,152,M1 - MECANICO SOLDADOR,Matías Patricio Toro Mellado,Laboratorio Vergara y Asociados Limitada
7095,24,83,ACIDIFICACION,155,M-1 MECANICO SOLDADOR,Trinidad Pereira,Laboratorio Vergara y Asociados Limitada
7099,24,83,ACIDIFICACION,155,M-1 MECANICO SOLDADOR,Iris Soto,Laboratorio Vergara y Asociados Limitada
7101,24,83,ACIDIFICACION,152,M1 - MECANICO SOLDADOR,Kimberly Rayén Parra Quintanilla,Laboratorio Vergara y Asociados Limitada
7104,24,83,ACIDIFICACION,152,M1 - MECANICO SOLDADOR,Alejandra Mónica Quijada Carrasco,Laboratorio Vergara y Asociados Limitada
7107,24,83,ACIDIFICACION,151,M-1 INSTRUMENTISTA,Mary María Jiménez Tapia,Laboratorio Vergara y Asociados Limitada
7116,24,83,ACIDIFICACION,155,M-1 MECANICO SOLDADOR,Valentina Carmen Bahamonde Fernández,Laboratorio Vergara y Asociados Limitada
4087,56,232,ADMINISTRACIÓN,910,SUPERVISOR,Javiera Herrera Burgos,Proyectos Ponce y Asociados Limitada
4088,56,232,ADMINISTRACIÓN,910,SUPERVISOR,Francisco Encina,Proyectos Ponce y Asociados Limitada
4089,56,232,ADMINISTRACIÓN,910,SUPERVISOR,Patricio Cordero,Proyectos Ponce y Asociados Limitada
4090,56,232,ADMINISTRACIÓN,910,SUPERVISOR,Flavia Estrada Arancibia,Proyectos Ponce y Asociados Limitada
4112,56,232,ADMINISTRACIÓN,910,SUPERVISOR,Marco Manríquez Ruz,Proyectos Ponce y Asociados Limitada
4481,56,232,ADMINISTRACIÓN,910,SUPERVISOR,Juan Cerda,Proyectos Ponce y Asociados Limitada
4625,56,232,ADMINISTRACIÓN,1035,PLANIFICADOR,Javier Carlos San Martín Varas,Proyectos Ponce y Asociados Limitada
4653,56,232,ADMINISTRACIÓN,981,GESTIÓN Y ESTADÍSTICA,Marianela López,Proyectos Ponce y Asociados Limitada
4654,56,232,ADMINISTRACIÓN,1040,ADM DE CONTRATO,Teresa Matilda Ramírez Núñez,Proyectos Ponce y Asociados Limitada
4739,56,232,ADMINISTRACIÓN,910,SUPERVISOR,Matilde Claudia Hernández Aguirre,Proyectos Ponce y Asociados Limitada
10161,99,554,ADMINISTRACIÓN,2554,SECRETARIO TECNICO,Manuel Huerta Jiménez,Morales y Arenas S.A.
2889,36,160,Albañilería,627,Capataz OOCC,Luis Meza Barrientos,Corporación Marín y Gallegos S.A.
2967,36,160,Albañilería,641,Capataz Andamios,Inés Luisa Lara Hurtado,Corporación Marín y Gallegos S.A.
2994,36,160,Albañilería,644,Capataz Estructura,Juan Vásquez,Corporación Marín y Gallegos S.A.
3249,45,178,Almacenes,705,Encargado de Bodega,Loreto Sonia Muñoz Flores,Villanueva Sociedad Anónima
3271,46,184,Almacenes,719,Encargado Almacenes,Ana Zepeda Pérez,"Tapia, Rojas y Sepúlveda SPA"
3275,46,184,Almacenes,719,Encargado Almacenes,Angélica Mercedes Gatica Arancibia,"Tapia, Rojas y Sepúlveda SPA"
3309,49,192,Almacenes,742,Operador Equipo Liviano,Daniela Hermosilla Alarcón,Olivares Sociedad Anónima
3310,49,192,Almacenes,743,Encargado de Bodega,Lía Catalina Martínez Navarro,Olivares Sociedad Anónima
3312,49,192,Almacenes,745,Supervisor Inventario,Martín Fuentes Velásquez,Olivares Sociedad Anónima
3314,49,192,Almacenes,742,Operador Equipo Liviano,Víctor Zúñiga Núñez,Olivares Sociedad Anónima
3326,49,192,Almacenes,742,Operador Equipo Liviano,José Héctor Martínez Catalán,Olivares Sociedad Anónima
3340,49,192,Almacenes,786,Encargado de Recepción,Yenifer Reyes,Olivares Sociedad Anónima
3344,49,192,Almacenes,745,Supervisor Inventario,Luis Delgado,Olivares Sociedad Anónima
3345,49,192,Almacenes,742,Operador Equipo Liviano,Patricio Felipe Soto Loyola,Olivares Sociedad Anónima
3348,49,192,Almacenes,742,Operador Equipo Liviano,Alicia Rosa Sandoval Vergara,Olivares Sociedad Anónima
3349,49,192,Almacenes,742,Operador Equipo Liviano,Aldo Francisco Ramírez García,Olivares Sociedad Anónima
3350,49,192,Almacenes,742,Operador Equipo Liviano,Ismael Paulo Bobadilla Tapia,Olivares Sociedad Anónima
3355,49,192,Almacenes,742,Operador Equipo Liviano,María Sáez Arriagada,Olivares Sociedad Anónima
3356,49,192,Almacenes,742,Operador Equipo Liviano,Héctor Valenzuela Sandoval,Olivares Sociedad Anónima
3360,49,192,Almacenes,742,Operador Equipo Liviano,Gabriela Ivonne Rojas Bravo,Olivares Sociedad Anónima
3361,49,192,Almacenes,758,Encargado Despacho,Valentina Rose Cáceres Adasme,Olivares Sociedad Anónima
3088,36,166,Andamios,685,Supervisor Andamio,Manuel Tomás Morales-Arévalo Zúñiga,Corporación Marín y Gallegos S.A.
3094,36,166,Andamios,685,Supervisor Andamio,Camila Ana Martínez Riffo,Corporación Marín y Gallegos S.A.
3101,36,166,Andamios,685,Supervisor Andamio,Tamara Danae Soto Carreño,Corporación Marín y Gallegos S.A.
3103,36,166,Andamios,685,Supervisor Andamio,Amelia Yasna Farías Mancilla,Corporación Marín y Gallegos S.A.
3111,36,166,Andamios,685,Supervisor Andamio,Teodoro Luis San Martín Miranda,Corporación Marín y Gallegos S.A.
3123,36,166,Andamios,685,Supervisor Andamio,María Villanueva Rodríguez,Corporación Marín y Gallegos S.A.
3135,36,166,Andamios,685,Supervisor Andamio,Carolina Toro Zárate,Corporación Marín y Gallegos S.A.
3152,36,166,Andamios,685,Supervisor Andamio,Javier Lagos,Corporación Marín y Gallegos S.A.
3153,36,166,Andamios,685,Supervisor Andamio,Edith Sandra García Vergara,Corporación Marín y Gallegos S.A.
3401,36,166,Andamios,767,m1 andamios,Javiera Julieta Zambrano Rebolledo,Corporación Marín y Gallegos S.A.
3769,36,166,Andamios,840,andamios,Javier Manuel Muñoz Meneses,Corporación Marín y Gallegos S.A.
3770,36,166,Andamios,840,andamios,Sergio Armando Araya Tapia,Corporación Marín y Gallegos S.A.
3771,36,166,Andamios,840,andamios,Claudia Daniela Valdivia Campos,Corporación Marín y Gallegos S.A.
3772,36,166,Andamios,767,m1 andamios,Amanda María Jofré Astorga,Corporación Marín y Gallegos S.A.
3773,36,166,Andamios,767,m1 andamios,Gabriel Bravo Cornejo,Corporación Marín y Gallegos S.A.
3774,36,166,Andamios,767,m1 andamios,Francisco Fernando González González,Corporación Marín y Gallegos S.A.
3779,36,166,Andamios,767,m1 andamios,María Raquel Bustamante Aravena,Corporación Marín y Gallegos S.A.
4066,36,166,Andamios,767,m1 andamios,Marina Venegas,Corporación Marín y Gallegos S.A.
4067,36,166,Andamios,900,MM Andamios,Victoria Barbara Godoy Velásquez,Corporación Marín y Gallegos S.A.
4068,36,166,Andamios,767,m1 andamios,Roberto Claudio Oyarzún Rojas,Corporación Marín y Gallegos S.A.
4141,36,166,Andamios,767,m1 andamios,George Hernández Bustos,Corporación Marín y Gallegos S.A.
4142,36,166,Andamios,767,m1 andamios,Marcelo Cárdenas Rojas,Corporación Marín y Gallegos S.A.
4143,36,166,Andamios,767,m1 andamios,Tomás Ángel Reyes Seguel,Corporación Marín y Gallegos S.A.
4144,36,166,Andamios,767,m1 andamios,Valentina Ángela Riquelme Vega,Corporación Marín y Gallegos S.A.
4145,36,166,Andamios,767,m1 andamios,Marcelo Gómez Parraguez,Corporación Marín y Gallegos S.A.
4146,36,166,Andamios,767,m1 andamios,Agustina Luz Rivera Muñoz,Corporación Marín y Gallegos S.A.
4147,36,166,Andamios,767,m1 andamios,Lucas Rodrigo Merino Moraga,Corporación Marín y Gallegos S.A.
4148,36,166,Andamios,767,m1 andamios,Diego López,Corporación Marín y Gallegos S.A.
4149,36,166,Andamios,900,MM Andamios,Francisco Ignacio Salazar Martínez,Corporación Marín y Gallegos S.A.
4150,36,166,Andamios,767,m1 andamios,Viviana Katherine González Miranda,Corporación Marín y Gallegos S.A.
4151,36,166,Andamios,900,MM Andamios,María Myriam Pérez Albornoz,Corporación Marín y Gallegos S.A.
4152,36,166,Andamios,899,CAPATAZ ANDAMIOS,Diego Luis Sandoval Páez,Corporación Marín y Gallegos S.A.
4153,36,166,Andamios,767,m1 andamios,Haydée Francisca González Ortiz,Corporación Marín y Gallegos S.A.
4154,36,166,Andamios,767,m1 andamios,Berta Rosa Castro Castro,Corporación Marín y Gallegos S.A.
4155,36,166,Andamios,900,MM Andamios,Max Juan Alarcón Cavieres,Corporación Marín y Gallegos S.A.
4156,36,166,Andamios,767,m1 andamios,Segundo Díaz,Corporación Marín y Gallegos S.A.
4157,36,166,Andamios,767,m1 andamios,Marco Rubén De La Fuente Muñoz,Corporación Marín y Gallegos S.A.
4158,36,166,Andamios,767,m1 andamios,Damián Barría-Alfaro Álvarez,Corporación Marín y Gallegos S.A.
4159,36,166,Andamios,900,MM Andamios,Maribel Clarisa Ávila Romero,Corporación Marín y Gallegos S.A.
4160,36,166,Andamios,767,m1 andamios,Carlos Castro Céspedes,Corporación Marín y Gallegos S.A.
4161,36,166,Andamios,767,m1 andamios,Guillermina Victoria Fierro Rodríguez,Corporación Marín y Gallegos S.A.
4162,36,166,Andamios,900,MM Andamios,Renata Isidora Toro Moraga,Corporación Marín y Gallegos S.A.
4163,36,166,Andamios,767,m1 andamios,Luis Floridor Segovia Reyes,Corporación Marín y Gallegos S.A.
4164,36,166,Andamios,767,m1 andamios,Eduard Rigoberto Aguilar Figueroa,Corporación Marín y Gallegos S.A.
4165,36,166,Andamios,899,CAPATAZ ANDAMIOS,Fernando Martínez,Corporación Marín y Gallegos S.A.
4166,36,166,Andamios,767,m1 andamios,Francisco Sergio Canales Sandoval,Corporación Marín y Gallegos S.A.
4167,36,166,Andamios,767,m1 andamios,Domingo Juan Benavides Araya,Corporación Marín y Gallegos S.A.
4168,36,166,Andamios,767,m1 andamios,José Pino Varela,Corporación Marín y Gallegos S.A.
4169,36,166,Andamios,767,m1 andamios,Alberto Benjamín Mora González,Corporación Marín y Gallegos S.A.
4170,36,166,Andamios,767,m1 andamios,Carlos Rodríguez Contreras,Corporación Marín y Gallegos S.A.
4171,36,166,Andamios,900,MM Andamios,Facundo Adolfo Gaete Valenzuela,Corporación Marín y Gallegos S.A.
4172,36,166,Andamios,900,MM Andamios,Marianela Brígida Pacheco Zamorano,Corporación Marín y Gallegos S.A.
4173,36,166,Andamios,767,m1 andamios,Luis Juan Rivera Arévalo,Corporación Marín y Gallegos S.A.
4174,36,166,Andamios,767,m1 andamios,María Sánchez,Corporación Marín y Gallegos S.A.
4175,36,166,Andamios,767,m1 andamios,Fernanda María Canales Fuentes,Corporación Marín y Gallegos S.A.
4176,36,166,Andamios,767,m1 andamios,Isidora Loreto Navarrete González,Corporación Marín y Gallegos S.A.
4177,36,166,Andamios,767,m1 andamios,Carolina Oyarzo Vidal,Corporación Marín y Gallegos S.A.
4224,36,166,Andamios,899,CAPATAZ ANDAMIOS,Ida Myriam Barrientos Matamala,Corporación Marín y Gallegos S.A.
4225,36,166,Andamios,767,m1 andamios,José Benjamín Orellana Alarcón,Corporación Marín y Gallegos S.A.
4226,36,166,Andamios,900,MM Andamios,Florencia Venegas Méndez,Corporación Marín y Gallegos S.A.
4227,36,166,Andamios,767,m1 andamios,Hilda Rebolledo Bruna,Corporación Marín y Gallegos S.A.
4228,36,166,Andamios,767,m1 andamios,Constanza Jimena Celis Durán,Corporación Marín y Gallegos S.A.
4448,36,166,Andamios,900,MM Andamios,Mariano Benjamín Correa Fuentealba,Corporación Marín y Gallegos S.A.
4449,36,166,Andamios,900,MM Andamios,Teresa Ramírez,Corporación Marín y Gallegos S.A.
4450,36,166,Andamios,900,MM Andamios,Domingo Juan Alvarado Becerra,Corporación Marín y Gallegos S.A.
4451,36,166,Andamios,900,MM Andamios,Mario Iván Valenzuela Soto,Corporación Marín y Gallegos S.A.
4452,36,166,Andamios,900,MM Andamios,Camila Dominique Osses Cofré,Corporación Marín y Gallegos S.A.
4453,36,166,Andamios,900,MM Andamios,Oscar Nelson Sandoval Barrera,Corporación Marín y Gallegos S.A.
4454,36,166,Andamios,900,MM Andamios,Sebastián Francisco Vega Norambuena,Corporación Marín y Gallegos S.A.
4455,36,166,Andamios,900,MM Andamios,Paula Hernández Díaz,Corporación Marín y Gallegos S.A.
4456,36,166,Andamios,767,m1 andamios,Jovita Amanda Pino Ortega,Corporación Marín y Gallegos S.A.
4457,36,166,Andamios,767,m1 andamios,Joan Castro,Corporación Marín y Gallegos S.A.
4459,36,166,Andamios,767,m1 andamios,María Tapia Arias,Corporación Marín y Gallegos S.A.
4460,36,166,Andamios,767,m1 andamios,Lidia Francisca Vásquez Hernández,Corporación Marín y Gallegos S.A.
4461,36,166,Andamios,767,m1 andamios,Samuel Méndez Sepúlveda,Corporación Marín y Gallegos S.A.
4462,36,166,Andamios,767,m1 andamios,Hernán Federico Miranda Ibarra,Corporación Marín y Gallegos S.A.
4463,36,166,Andamios,767,m1 andamios,Benjamín Cáceres,Corporación Marín y Gallegos S.A.
4464,36,166,Andamios,980,M2 ANDAMIOS,Edinson Contreras,Corporación Marín y Gallegos S.A.
4465,36,166,Andamios,980,M2 ANDAMIOS,María Aravena Castro,Corporación Marín y Gallegos S.A.
4466,36,166,Andamios,767,m1 andamios,Ignacio Ricardo Hernández Jerez,Corporación Marín y Gallegos S.A.
4467,36,166,Andamios,767,m1 andamios,Jean Ernesto Almonacid Cáceres,Corporación Marín y Gallegos S.A.
4468,36,166,Andamios,767,m1 andamios,Mirta Aravena Millán,Corporación Marín y Gallegos S.A.
4469,36,166,Andamios,767,m1 andamios,Bernardita Sáez Ramírez,Corporación Marín y Gallegos S.A.
4470,36,166,Andamios,767,m1 andamios,Jocelyn Nadia Santander Saavedra,Corporación Marín y Gallegos S.A.
4471,36,166,Andamios,767,m1 andamios,Pamela Margarita Tapia Aracena,Corporación Marín y Gallegos S.A.
4472,36,166,Andamios,767,m1 andamios,Francisca Contreras,Corporación Marín y Gallegos S.A.
4473,36,166,Andamios,980,M2 ANDAMIOS,Héctor Garay Reyes,Corporación Marín y Gallegos S.A.
4474,36,166,Andamios,767,m1 andamios,Javiera Herrera,Corporación Marín y Gallegos S.A.
4475,36,166,Andamios,767,m1 andamios,Amaya Eliana Romero Burgos,Corporación Marín y Gallegos S.A.
4476,36,166,Andamios,767,m1 andamios,Mirta Blanca Catalán Soto,Corporación Marín y Gallegos S.A.
4477,36,166,Andamios,767,m1 andamios,Valentina Myriam Zambrano Meza,Corporación Marín y Gallegos S.A.
4478,36,166,Andamios,767,m1 andamios,Sofía Ponce Maldonado,Corporación Marín y Gallegos S.A.
4479,36,166,Andamios,767,m1 andamios,Joaquín Miguel Hernández Troncoso,Corporación Marín y Gallegos S.A.
4480,36,166,Andamios,767,m1 andamios,José Reyes,Corporación Marín y Gallegos S.A.
4483,36,166,Andamios,767,m1 andamios,Pascale Laura Retamal Madrid,Corporación Marín y Gallegos S.A.
4484,36,166,Andamios,767,m1 andamios,José Edson Ramírez Mercado,Corporación Marín y Gallegos S.A.
4486,36,166,Andamios,767,m1 andamios,Yasna Margarita Galleguillos Pardo,Corporación Marín y Gallegos S.A.
4487,36,166,Andamios,767,m1 andamios,Claudio Cerda Rojas,Corporación Marín y Gallegos S.A.
4488,36,166,Andamios,767,m1 andamios,Luis Joaquín Cifuentes López,Corporación Marín y Gallegos S.A.
4489,36,166,Andamios,980,M2 ANDAMIOS,Teresa Muñoz Ahumada,Corporación Marín y Gallegos S.A.
4490,36,166,Andamios,767,m1 andamios,Aurora Daniela Arancibia Alfaro,Corporación Marín y Gallegos S.A.
4491,36,166,Andamios,767,m1 andamios,Reinaldo José Molina Ramos,Corporación Marín y Gallegos S.A.
4492,36,166,Andamios,767,m1 andamios,Martina González Valdivia,Corporación Marín y Gallegos S.A.
4493,36,166,Andamios,767,m1 andamios,Alejandra Ingrid González Rodríguez,Corporación Marín y Gallegos S.A.
4494,36,166,Andamios,900,MM Andamios,Catalina Juana Sánchez Cabrera,Corporación Marín y Gallegos S.A.
4495,36,166,Andamios,900,MM Andamios,María Quijada Brito,Corporación Marín y Gallegos S.A.
4496,36,166,Andamios,980,M2 ANDAMIOS,Carolina Rojas,Corporación Marín y Gallegos S.A.
4497,36,166,Andamios,767,m1 andamios,Marcelo Hernán Lillo Beltrán,Corporación Marín y Gallegos S.A.
4498,36,166,Andamios,900,MM Andamios,Valentina Evelyn González Suazo,Corporación Marín y Gallegos S.A.
4499,36,166,Andamios,767,m1 andamios,Juan Fernando Soto Flores,Corporación Marín y Gallegos S.A.
4500,36,166,Andamios,900,MM Andamios,María Herminia Montecino Miranda,Corporación Marín y Gallegos S.A.
4501,36,166,Andamios,900,MM Andamios,Jeremías Díaz Viveros,Corporación Marín y Gallegos S.A.
4502,36,166,Andamios,767,m1 andamios,Diego Saavedra Zamora,Corporación Marín y Gallegos S.A.
4503,36,166,Andamios,767,m1 andamios,Renata Verónica Muñoz Becerra,Corporación Marín y Gallegos S.A.
4504,36,166,Andamios,900,MM Andamios,Diego Figueroa Carvajal,Corporación Marín y Gallegos S.A.
4505,36,166,Andamios,980,M2 ANDAMIOS,Antonio Gerson González Gutiérrez,Corporación Marín y Gallegos S.A.
4506,36,166,Andamios,980,M2 ANDAMIOS,Iris Naranjo,Corporación Marín y Gallegos S.A.
4507,36,166,Andamios,767,m1 andamios,Zoila Patricia Peña Cortés,Corporación Marín y Gallegos S.A.
4508,36,166,Andamios,767,m1 andamios,Gladys Valentina Torres Véliz,Corporación Marín y Gallegos S.A.
4509,36,166,Andamios,767,m1 andamios,Carlos González Pardo,Corporación Marín y Gallegos S.A.
4510,36,166,Andamios,767,m1 andamios,Yerko Enzo Parraguez Fuentes,Corporación Marín y Gallegos S.A.
4511,36,166,Andamios,767,m1 andamios,Matheo Manuel Castro Ulloa,Corporación Marín y Gallegos S.A.
4512,36,166,Andamios,980,M2 ANDAMIOS,Sofía Edith Silva Madrid,Corporación Marín y Gallegos S.A.
4513,36,166,Andamios,767,m1 andamios,María Irma Soto Candia,Corporación Marín y Gallegos S.A.
4514,36,166,Andamios,980,M2 ANDAMIOS,Rodrigo Hernán López Rojas,Corporación Marín y Gallegos S.A.
4515,36,166,Andamios,767,m1 andamios,Mateo Piero Gutiérrez Aguilera,Corporación Marín y Gallegos S.A.
4516,36,166,Andamios,767,m1 andamios,Cristopher Mauricio Osses Godoy,Corporación Marín y Gallegos S.A.
4517,36,166,Andamios,980,M2 ANDAMIOS,Flavia Juana Gálvez Jara,Corporación Marín y Gallegos S.A.
4518,36,166,Andamios,900,MM Andamios,José Moisés Figueroa Aravena,Corporación Marín y Gallegos S.A.
4519,36,166,Andamios,900,MM Andamios,Cristina Rosas López,Corporación Marín y Gallegos S.A.
4520,36,166,Andamios,767,m1 andamios,Benjamín Francisco Arancibia Alvarado,Corporación Marín y Gallegos S.A.
4521,36,166,Andamios,767,m1 andamios,Juan Morales,Corporación Marín y Gallegos S.A.
4522,36,166,Andamios,767,m1 andamios,Mauricio Pardo Salas,Corporación Marín y Gallegos S.A.
4780,36,166,Andamios,900,MM Andamios,Cristian Enrique Díaz Valdés,Corporación Marín y Gallegos S.A.
4781,36,166,Andamios,900,MM Andamios,Matheo Cortés,Corporación Marín y Gallegos S.A.
4782,36,166,Andamios,767,m1 andamios,Samuel José Riquelme Astudillo,Corporación Marín y Gallegos S.A.
4783,36,166,Andamios,980,M2 ANDAMIOS,Tomás Rosales,Corporación Marín y Gallegos S.A.
4784,36,166,Andamios,767,m1 andamios,Celeste Martínez Sepúlveda,Corporación Marín y Gallegos S.A.
4785,36,166,Andamios,767,m1 andamios,Marisol Inostroza,Corporación Marín y Gallegos S.A.
4786,36,166,Andamios,980,M2 ANDAMIOS,Humberto Franco Carrillo Muñoz,Corporación Marín y Gallegos S.A.
4787,36,166,Andamios,767,m1 andamios,Natalia Burgos Martínez,Corporación Marín y Gallegos S.A.
4804,36,166,Andamios,767,m1 andamios,Mariela Adasme Cid,Corporación Marín y Gallegos S.A.
4805,36,166,Andamios,767,m1 andamios,Mirna María García Rivas,Corporación Marín y Gallegos S.A.
4806,36,166,Andamios,767,m1 andamios,Sebastián José Pardo Vargas,Corporación Marín y Gallegos S.A.
4807,36,166,Andamios,980,M2 ANDAMIOS,Irene Yáñez Castro,Corporación Marín y Gallegos S.A.
4808,36,166,Andamios,1062,ayudante andamios,Luis Muñoz-Calderón García,Corporación Marín y Gallegos S.A.
4809,36,166,Andamios,767,m1 andamios,Ángel Ortega Núñez,Corporación Marín y Gallegos S.A.
4810,36,166,Andamios,900,MM Andamios,César Ibarra García,Corporación Marín y Gallegos S.A.
4811,36,166,Andamios,980,M2 ANDAMIOS,Ignacio Andrés Cabrera Parra,Corporación Marín y Gallegos S.A.
4812,36,166,Andamios,980,M2 ANDAMIOS,Carolina Karina Pérez Celis,Corporación Marín y Gallegos S.A.
4813,36,166,Andamios,900,MM Andamios,Nelson Felipe Flores Castillo,Corporación Marín y Gallegos S.A.
4814,36,166,Andamios,767,m1 andamios,Elsa María Aránguiz Soto,Corporación Marín y Gallegos S.A.
4816,36,166,Andamios,767,m1 andamios,Roberto Daniel Fuentes Durán,Corporación Marín y Gallegos S.A.
4817,36,166,Andamios,767,m1 andamios,Cecilia María Guzmán Concha,Corporación Marín y Gallegos S.A.
4818,36,166,Andamios,767,m1 andamios,Marcos Novoa Muñoz,Corporación Marín y Gallegos S.A.
4819,36,166,Andamios,767,m1 andamios,Rubén Eduardo Sepúlveda Fernández,Corporación Marín y Gallegos S.A.
4820,36,166,Andamios,767,m1 andamios,Carolina Silva Olguín,Corporación Marín y Gallegos S.A.
4821,36,166,Andamios,900,MM Andamios,Marcos Alfonso Pacheco Carvajal,Corporación Marín y Gallegos S.A.
4822,36,166,Andamios,900,MM Andamios,Víctor Bernardo Acevedo Carrasco,Corporación Marín y Gallegos S.A.
4990,36,166,Andamios,980,M2 ANDAMIOS,Christian Felipe Véliz Rubilar,Corporación Marín y Gallegos S.A.
5018,36,166,Andamios,900,MM Andamios,Luis Olivares-Peñaloza Agüero,Corporación Marín y Gallegos S.A.
5020,36,166,Andamios,900,MM Andamios,Marcela Olmedo-Molina,Corporación Marín y Gallegos S.A.
5021,36,166,Andamios,900,MM Andamios,Pablo Cristian Cofré Contreras,Corporación Marín y Gallegos S.A.
5158,36,166,Andamios,900,MM Andamios,Eduardo César Vásquez Díaz,Corporación Marín y Gallegos S.A.
5159,36,166,Andamios,767,m1 andamios,Ema Maite Ortega Vargas,Corporación Marín y Gallegos S.A.
5160,36,166,Andamios,767,m1 andamios,Mónica Carmona-Morales,Corporación Marín y Gallegos S.A.
5164,36,166,Andamios,767,m1 andamios,Elsa Luz Canales Zambrano,Corporación Marín y Gallegos S.A.
5167,36,166,Andamios,767,m1 andamios,Juan Castillo,Corporación Marín y Gallegos S.A.
5172,36,166,Andamios,767,m1 andamios,Jean Quinteros Aguilar,Corporación Marín y Gallegos S.A.
5173,36,166,Andamios,767,m1 andamios,Marie Edith Ortega Briones,Corporación Marín y Gallegos S.A.
5174,36,166,Andamios,900,MM Andamios,Daniela Josefa Segovia Méndez,Corporación Marín y Gallegos S.A.
5175,36,166,Andamios,767,m1 andamios,Pamela Loreto Garrido Acevedo,Corporación Marín y Gallegos S.A.
5176,36,166,Andamios,900,MM Andamios,Agustina Ramírez Rojas,Corporación Marín y Gallegos S.A.
5177,36,166,Andamios,767,m1 andamios,Michael Espinoza,Corporación Marín y Gallegos S.A.
5178,36,166,Andamios,685,Supervisor Andamio,Antonella Pérez,Corporación Marín y Gallegos S.A.
5191,36,166,Andamios,767,m1 andamios,Agustin Braulio Méndez Martinez,Corporación Marín y Gallegos S.A.
5195,36,166,Andamios,1051,capataz andamio,Sergio Gallardo-Arredondo,Corporación Marín y Gallegos S.A.
5202,36,166,Andamios,767,m1 andamios,Ana Rojas Castillo,Corporación Marín y Gallegos S.A.
5209,36,166,Andamios,767,m1 andamios,Luis Juan Salas Arriagada,Corporación Marín y Gallegos S.A.
5210,36,166,Andamios,767,m1 andamios,Elías Christian Martínez Navarro,Corporación Marín y Gallegos S.A.
5211,36,166,Andamios,767,m1 andamios,Jonathan Augusto González-Barrios Carrasco,Corporación Marín y Gallegos S.A.
5223,36,166,Andamios,767,m1 andamios,María Carvajal,Corporación Marín y Gallegos S.A.
5224,36,166,Andamios,767,m1 andamios,María Valenzuela Flores,Corporación Marín y Gallegos S.A.
5227,36,166,Andamios,1062,ayudante andamios,Manuel Salas,Corporación Marín y Gallegos S.A.
5230,36,166,Andamios,767,m1 andamios,Paul Cabrera-Castro Cárdenas,Corporación Marín y Gallegos S.A.
5231,36,166,Andamios,767,m1 andamios,Alexis José Concha Orellana,Corporación Marín y Gallegos S.A.
5232,36,166,Andamios,767,m1 andamios,Renato Carreño,Corporación Marín y Gallegos S.A.
5233,36,166,Andamios,767,m1 andamios,Patricia Contreras Rubio,Corporación Marín y Gallegos S.A.
5234,36,166,Andamios,767,m1 andamios,Antonella Araya Flores,Corporación Marín y Gallegos S.A.
5235,36,166,Andamios,980,M2 ANDAMIOS,Ana Montecinos Astete,Corporación Marín y Gallegos S.A.
5236,36,166,Andamios,767,m1 andamios,George López,Corporación Marín y Gallegos S.A.
5237,36,166,Andamios,767,m1 andamios,Tamara Sánchez Alfaro,Corporación Marín y Gallegos S.A.
5238,36,166,Andamios,767,m1 andamios,Valentino José Vega Barría,Corporación Marín y Gallegos S.A.
5244,36,166,Andamios,767,m1 andamios,Luz Constanza Contreras Espinoza,Corporación Marín y Gallegos S.A.
5245,36,166,Andamios,767,m1 andamios,Amalia Rayén Arancibia López,Corporación Marín y Gallegos S.A.
5246,36,166,Andamios,767,m1 andamios,Ivonne Luz Cortés Jerez,Corporación Marín y Gallegos S.A.
5247,36,166,Andamios,767,m1 andamios,Manuel Cárdenas Fuentes,Corporación Marín y Gallegos S.A.
5248,36,166,Andamios,767,m1 andamios,Tomás Ruiz Manríquez,Corporación Marín y Gallegos S.A.
5249,36,166,Andamios,980,M2 ANDAMIOS,Marcia Cordero Tapia,Corporación Marín y Gallegos S.A.
5250,36,166,Andamios,767,m1 andamios,Juan Joaquín Cárdenas Cárdenas,Corporación Marín y Gallegos S.A.
5251,36,166,Andamios,767,m1 andamios,Alejandra Carolina Venegas Bugueño,Corporación Marín y Gallegos S.A.
5252,36,166,Andamios,767,m1 andamios,María Soledad Vera Espinoza,Corporación Marín y Gallegos S.A.
5253,36,166,Andamios,767,m1 andamios,Jimena Victoria Huerta Toro,Corporación Marín y Gallegos S.A.
5254,36,166,Andamios,900,MM Andamios,Leoncio Meneses Castro,Corporación Marín y Gallegos S.A.
5256,36,166,Andamios,767,m1 andamios,Constanza Elisa Paredes Osorio,Corporación Marín y Gallegos S.A.
5260,36,166,Andamios,767,m1 andamios,Myriam Salas Contreras,Corporación Marín y Gallegos S.A.
5261,36,166,Andamios,767,m1 andamios,Juan Peralta,Corporación Marín y Gallegos S.A.
5579,36,166,Andamios,767,m1 andamios,Diego Cristóbal Ortiz Figueroa,Corporación Marín y Gallegos S.A.
5580,36,166,Andamios,767,m1 andamios,Juan Morales Morales,Corporación Marín y Gallegos S.A.
5581,36,166,Andamios,980,M2 ANDAMIOS,Carlos Aguilar González,Corporación Marín y Gallegos S.A.
5582,36,166,Andamios,767,m1 andamios,Karina Corvalán,Corporación Marín y Gallegos S.A.
5583,36,166,Andamios,767,m1 andamios,Oscar Carrasco Muñoz,Corporación Marín y Gallegos S.A.
5584,36,166,Andamios,767,m1 andamios,Teresa Gutiérrez Troncoso,Corporación Marín y Gallegos S.A.
5585,36,166,Andamios,767,m1 andamios,Carolina Daniela Viveros Serrano,Corporación Marín y Gallegos S.A.
5586,36,166,Andamios,767,m1 andamios,Makarena Mardones Chávez,Corporación Marín y Gallegos S.A.
5587,36,166,Andamios,767,m1 andamios,Camila Natali Ríos Órdenes,Corporación Marín y Gallegos S.A.
5594,36,166,Andamios,767,m1 andamios,Juan Ríos Rozas,Corporación Marín y Gallegos S.A.
5599,36,166,Andamios,840,andamios,Antonio Jorge González Cofré,Corporación Marín y Gallegos S.A.
5601,36,166,Andamios,767,m1 andamios,Carmen Yessica Jiménez Henríquez,Corporación Marín y Gallegos S.A.
5602,36,166,Andamios,767,m1 andamios,Emilio Alfaro Rojas,Corporación Marín y Gallegos S.A.
5612,36,166,Andamios,767,m1 andamios,Juan Soto Carrasco,Corporación Marín y Gallegos S.A.
5613,36,166,Andamios,767,m1 andamios,Rolando Navarrete Alvear,Corporación Marín y Gallegos S.A.
5616,36,166,Andamios,767,m1 andamios,Sofía Pérez Peña,Corporación Marín y Gallegos S.A.
5794,36,166,Andamios,767,m1 andamios,Isidora Melo,Corporación Marín y Gallegos S.A.
5797,36,166,Andamios,899,CAPATAZ ANDAMIOS,Sandra María Acuña Ramos,Corporación Marín y Gallegos S.A.
5800,36,166,Andamios,899,CAPATAZ ANDAMIOS,Lilian Sonia Calderón-Vera Arévalo,Corporación Marín y Gallegos S.A.
5805,36,166,Andamios,899,CAPATAZ ANDAMIOS,Juan Germán Guajardo Inzunza,Corporación Marín y Gallegos S.A.
5806,36,166,Andamios,767,m1 andamios,Juan Pardo Flores,Corporación Marín y Gallegos S.A.
5807,36,166,Andamios,900,MM Andamios,Andrea Gloria Santos Pastén,Corporación Marín y Gallegos S.A.
5814,36,166,Andamios,900,MM Andamios,Felipe Carrasco,Corporación Marín y Gallegos S.A.
5861,36,166,Andamios,980,M2 ANDAMIOS,Máximo Samuel Melo Suazo,Corporación Marín y Gallegos S.A.
5862,36,166,Andamios,767,m1 andamios,Estrella Nayareth Rojas Osorio,Corporación Marín y Gallegos S.A.
5865,36,166,Andamios,767,m1 andamios,Ricardo Gaete,Corporación Marín y Gallegos S.A.
5866,36,166,Andamios,767,m1 andamios,Martín Briones Carrillo,Corporación Marín y Gallegos S.A.
6553,36,166,Andamios,900,MM Andamios,Liliana Díaz,Corporación Marín y Gallegos S.A.
7605,98,471,ARQUITECTURA,1902,SUPERVISOR,Marcela Yáñez,Morales S.A.
793,21,62,BODEGA,114,ASISTENTE,Juan Quezada,"Contreras, López y Barrera Ltda."
2385,31,113,Bodega,482,Encargado Bodega 2,Sylvia Martínez Paredes,Laboratorio Blanco y Novoa Ltda.
2386,31,113,Bodega,450,Operador Grua,Fanny Ibáñez Altamirano,Laboratorio Blanco y Novoa Ltda.
2397,31,113,Bodega,462,Jefe Operaciones Central,Ruby Margarita Roa Villar,Laboratorio Blanco y Novoa Ltda.
2404,31,113,Bodega,467,Jornalero,Amparo Sandra Matamala Parra,Laboratorio Blanco y Novoa Ltda.
2405,31,113,Bodega,467,Jornalero,Deyanira Soto,Laboratorio Blanco y Novoa Ltda.
2406,31,113,Bodega,455,Encargado Bodega,José Amaro Jiménez Martínez,Laboratorio Blanco y Novoa Ltda.
2445,31,113,Bodega,454,Auxiliar de Aseo,Alejandro Maximiliano Tapia Pozo,Laboratorio Blanco y Novoa Ltda.
2670,41,139,BODEGA,538,PAÑOLERO,María Ana Ulloa Silva,"Holding Lara, Hernández y Lillo Ltda."
2672,41,139,BODEGA,540,INGENIERO DE REPUESTO Y EXPEDITOR,Adriana Sandoval,"Holding Lara, Hernández y Lillo Ltda."
2704,41,139,BODEGA,538,PAÑOLERO,Camila Marta San Martín Poblete,"Holding Lara, Hernández y Lillo Ltda."
3206,41,139,BODEGA,538,PAÑOLERO,Edgar Pablo Avendaño García,"Holding Lara, Hernández y Lillo Ltda."
3482,50,197,BODEGA,781,SUPERVISOR DE TURNO,María Ana González Orellana,Club Soto y Asociados Sociedad Anónima
3497,50,197,BODEGA,781,SUPERVISOR DE TURNO,Consuelo Olga Contreras Rivera,Club Soto y Asociados Sociedad Anónima
3498,50,197,BODEGA,783,JEFE DE BODEGA,Genaro Roberto Ampuero Gutiérrez,Club Soto y Asociados Sociedad Anónima
3846,51,215,Bodega,856,Analista de repuestos,Viviana Clara Ramírez Cisternas,Carrasco SPA
3883,51,215,Bodega,856,Analista de repuestos,Maritza Zárate,Carrasco SPA
3884,51,215,Bodega,856,Analista de repuestos,Karin Valentina Morales Núñez,Carrasco SPA
3885,51,215,Bodega,856,Analista de repuestos,Osvaldo Morales-Muñoz,Carrasco SPA
3886,51,215,Bodega,856,Analista de repuestos,Lucas Jorge León Salas,Carrasco SPA
3887,51,215,Bodega,856,Analista de repuestos,Bernardita Carvajal,Carrasco SPA
3888,51,215,Bodega,856,Analista de repuestos,Gabriel Riquelme Cortés,Carrasco SPA
4279,57,236,BODEGA,933,ANALISTA DE REPUESTOS,Belén Barahona Méndez,Grupo Campos y Torres SPA
4281,57,236,BODEGA,921,ADMINISTRATIVO REPUESTOS,Francisco Edmundo Zúñiga Salazar,Grupo Campos y Torres SPA
4303,57,236,BODEGA,921,ADMINISTRATIVO REPUESTOS,Francisco Bravo Toro,Grupo Campos y Torres SPA
4321,57,236,BODEGA,946,ADMINISTRATIVO REPUESTO,Tania Roxana Leyton Reyes,Grupo Campos y Torres SPA
4342,57,236,BODEGA,952,ANALISTA DE REPUESTOS,Leopoldo Franco Muñoz Loyola,Grupo Campos y Torres SPA
4358,57,236,BODEGA,921,ADMINISTRATIVO REPUESTOS,Isidora Fuentes,Grupo Campos y Torres SPA
4388,57,236,BODEGA,933,ANALISTA DE REPUESTOS,Ana Nancy Rosas Molina,Grupo Campos y Torres SPA
4391,57,236,BODEGA,921,ADMINISTRATIVO REPUESTOS,Matilde Myriam Valenzuela Contreras,Grupo Campos y Torres SPA
4430,57,236,BODEGA,965,ADMINISTRATIVO DE REPUESTO,Ignacia Parra Bustos,Grupo Campos y Torres SPA
4686,51,215,Bodega,856,Analista de repuestos,Katherine Medina Carrillo,Carrasco SPA
4689,51,215,Bodega,856,Analista de repuestos,María Órdenes,Carrasco SPA
4801,57,236,BODEGA,952,ANALISTA DE REPUESTOS,Patricia Blanca Mella Álvarez,Grupo Campos y Torres SPA
6262,58,259,BODEGA,1460,Ayudante bodega,Tamara Patricia Contreras Quiroz,Felipe Roberto Villagra Peña EIRL
6852,89,408,bodega,1695,Bodeguero,Amanda Maritza Molina Rosales,Daniel Catalán Gómez EIRL
8163,57,236,BODEGA,2041,JEFE DE BODEGA,José Gutiérrez,Grupo Campos y Torres SPA
8312,57,236,BODEGA,921,ADMINISTRATIVO REPUESTOS,Mauricio Benjamin Cartes Muñoz,Grupo Campos y Torres SPA
9872,58,259,BODEGA,1460,Ayudante bodega,Viviana Silvia Cárdenas Vergara,Felipe Roberto Villagra Peña EIRL
11775,125,1024,BODEGA,4170,SUPERVISOR DE BODEGA,Mario Rojas Catalán,González y Luna Ltda.
11797,125,1024,BODEGA,4191,JEFE DE BODEGA,Leidy Bustamante,González y Luna Ltda.
12320,131,1070,Bodega,4344,BODEGUERO,Yenny Emilia Burgos Lara,"Club Gutiérrez, Salazar y Gómez Limitada"
12340,131,1070,Bodega,4347,ANALISTA REPUESTOS,Denise Morales Páez,"Club Gutiérrez, Salazar y Gómez Limitada"
12358,131,1070,Bodega,4344,BODEGUERO,Isabella Mora-Ortiz,"Club Gutiérrez, Salazar y Gómez Limitada"
12379,131,1070,Bodega,4344,BODEGUERO,Florencia Salinas Cisternas,"Club Gutiérrez, Salazar y Gómez Limitada"
12385,131,1070,Bodega,4344,BODEGUERO,Guillermo Navarrete Calderón,"Club Gutiérrez, Salazar y Gómez Limitada"
4541,58,953,CADENA DE SUMINISTRO,3699,SUPERVISOR DE DESPACHO,Santino Mario Zúñiga Briceño,Felipe Roberto Villagra Peña EIRL
4551,58,953,CADENA DE SUMINISTRO,3307,ENCARGADO DE BODEGA,Julio Bastián Varas Sepúlveda,Felipe Roberto Villagra Peña EIRL
4603,58,953,CADENA DE SUMINISTRO,3699,SUPERVISOR DE DESPACHO,María Rosa Soto Sánchez,Felipe Roberto Villagra Peña EIRL
4607,58,953,CADENA DE SUMINISTRO,3610,JEFE DE BODEGA,Francisco Diego Castro Torres,Felipe Roberto Villagra Peña EIRL
10330,58,953,CADENA DE SUMINISTRO,3602,JEFE DE LOGISTICA SUPPLY CHAIN,Mónica María González Villagrán,Felipe Roberto Villagra Peña EIRL
10337,58,953,CADENA DE SUMINISTRO,3610,JEFE DE BODEGA,José Ponce Gálvez,Felipe Roberto Villagra Peña EIRL
10375,58,953,CADENA DE SUMINISTRO,3627,ENCARGADA DE GESTION DE CONTRATOS,Carolina Duarte Armijo,Felipe Roberto Villagra Peña EIRL
10381,58,953,CADENA DE SUMINISTRO,3631,ADMINISTRATIVO DESPACHO,Ricardo Mario Valdés Silva,Felipe Roberto Villagra Peña EIRL
10385,58,953,CADENA DE SUMINISTRO,3633,SUPERVISOR DE BODEGA,Pedro Luis Novoa Aguayo,Felipe Roberto Villagra Peña EIRL
10403,58,953,CADENA DE SUMINISTRO,3633,SUPERVISOR DE BODEGA,Alejandra Yáñez Barría,Felipe Roberto Villagra Peña EIRL
10428,58,953,CADENA DE SUMINISTRO,3657,ANALISTA BODEGA,Tomás Salomón Parra Navarrete,Felipe Roberto Villagra Peña EIRL
10447,58,953,CADENA DE SUMINISTRO,3661,SUBGERENTE DE COMPRAS DE PROYECTO,Miguel Flavio Aguilera González,Felipe Roberto Villagra Peña EIRL
10455,58,953,CADENA DE SUMINISTRO,3344,ENCARGADO DE DESPACHO,José Guillermo Escalona Escobar,Felipe Roberto Villagra Peña EIRL
10465,58,953,CADENA DE SUMINISTRO,3627,ENCARGADA DE GESTION DE CONTRATOS,Luna Pérez Espinoza,Felipe Roberto Villagra Peña EIRL
10499,58,953,CADENA DE SUMINISTRO,3402,PLANIFICADOR DE PRODUCCION DE LA CADENA DE SUMINISTROS,Felipe Pedro Garrido Jara,Felipe Roberto Villagra Peña EIRL
10505,58,953,CADENA DE SUMINISTRO,3692,LIDER DE COMPRAS ESTRATEGICAS,Martín Amaro Riquelme Fuentes,Felipe Roberto Villagra Peña EIRL
10513,58,953,CADENA DE SUMINISTRO,3697,JEFE DE PLANIFICACIÓN DE DEMANDA Y SUMINISTRO,Javiera Zulema González Toloza,Felipe Roberto Villagra Peña EIRL
10514,58,953,CADENA DE SUMINISTRO,3698,ESPECIALISTA DE CADENA DE SUMINISTRO,Sandra Moyano Páez,Felipe Roberto Villagra Peña EIRL
10515,58,953,CADENA DE SUMINISTRO,3393,PLANIFICADOR DE TRANSPORTES,Yuliana Ríos,Felipe Roberto Villagra Peña EIRL
10516,58,953,CADENA DE SUMINISTRO,3344,ENCARGADO DE DESPACHO,Carolina Sofía Cárdenas Álvarez,Felipe Roberto Villagra Peña EIRL
10517,58,953,CADENA DE SUMINISTRO,3304,LIDER DE LOGISTICA,Blanca Vera Carreño,Felipe Roberto Villagra Peña EIRL
10518,58,953,CADENA DE SUMINISTRO,3295,COORDINADOR LOGISTICO,José Juan Arias Morales,Felipe Roberto Villagra Peña EIRL
10519,58,953,CADENA DE SUMINISTRO,3344,ENCARGADO DE DESPACHO,Marisol Soledad Acuña Ulloa,Felipe Roberto Villagra Peña EIRL
10531,58,953,CADENA DE SUMINISTRO,3633,SUPERVISOR DE BODEGA,Samantha Troncoso,Felipe Roberto Villagra Peña EIRL
10535,58,953,CADENA DE SUMINISTRO,3704,ANALISTA DE COMPRAS OPERACIONALES,Alfonso Burgos-Cáceres Rosales,Felipe Roberto Villagra Peña EIRL
10545,58,953,CADENA DE SUMINISTRO,3712,ESPECIALISTA DE COMPRAS Y CONTRATOS,Juvenal Carvajal,Felipe Roberto Villagra Peña EIRL
10558,58,953,CADENA DE SUMINISTRO,3716,SUBGERENTE DE ADQUISICIONES Y CONTRATOS,José Retamal,Felipe Roberto Villagra Peña EIRL
10578,58,953,CADENA DE SUMINISTRO,3723,COORDINADOR DE COMPRAS,Cristina Salazar Rivera,Felipe Roberto Villagra Peña EIRL
10581,58,953,CADENA DE SUMINISTRO,3725,ESPECIALISTA GESTION DE CONTRATO,Denisse Rocío Herrera Jara,Felipe Roberto Villagra Peña EIRL
10583,58,953,CADENA DE SUMINISTRO,3726,ANALISTA SENIOR DE COMPRAS Y CONTRATOS,Juana Espinoza,Felipe Roberto Villagra Peña EIRL
10587,58,953,CADENA DE SUMINISTRO,3730,ADMINISTRADOR DE CONTRATO,Paola Órdenes,Felipe Roberto Villagra Peña EIRL
10588,58,953,CADENA DE SUMINISTRO,3731,GERENTE REGIONAL CADENA DE SUMINISTRO,Hans Castillo,Felipe Roberto Villagra Peña EIRL
10595,58,953,CADENA DE SUMINISTRO,3393,PLANIFICADOR DE TRANSPORTES,Cristian Atilio Toro Chacón,Felipe Roberto Villagra Peña EIRL
10607,58,953,CADENA DE SUMINISTRO,3737,ENCARGADA DE CONTROL DE GESTION,Gladys Saavedra Manríquez,Felipe Roberto Villagra Peña EIRL
10621,58,953,CADENA DE SUMINISTRO,3307,ENCARGADO DE BODEGA,José Ángel Caro Sanhueza,Felipe Roberto Villagra Peña EIRL
10629,58,953,CADENA DE SUMINISTRO,3307,ENCARGADO DE BODEGA,Valentina Nicole Delgado Ramírez,Felipe Roberto Villagra Peña EIRL
10630,58,953,CADENA DE SUMINISTRO,3416,LIDER DE ALMACEN,Viviana Rosa Vargas Campos,Felipe Roberto Villagra Peña EIRL
10679,58,953,CADENA DE SUMINISTRO,3295,COORDINADOR LOGISTICO,Agustina Macarena Erices Muñoz,Felipe Roberto Villagra Peña EIRL
10689,58,953,CADENA DE SUMINISTRO,3304,LIDER DE LOGISTICA,Juan Armando Jara Valdebenito,Felipe Roberto Villagra Peña EIRL
10690,58,953,CADENA DE SUMINISTRO,3305,ANALISTA DE COMPRAS,Bastián Guzmán,Felipe Roberto Villagra Peña EIRL
10692,58,953,CADENA DE SUMINISTRO,3307,ENCARGADO DE BODEGA,Carlos Bugueño Moraga,Felipe Roberto Villagra Peña EIRL
10753,58,953,CADENA DE SUMINISTRO,3335,ENCARGADA DE COMPRAS Y CONTRATOS,Marcos Salvador Ramos Muñoz,Felipe Roberto Villagra Peña EIRL
10764,58,953,CADENA DE SUMINISTRO,3344,ENCARGADO DE DESPACHO,Ida Bustos Rosas,Felipe Roberto Villagra Peña EIRL
10771,58,953,CADENA DE SUMINISTRO,3307,ENCARGADO DE BODEGA,Pablo Carrillo,Felipe Roberto Villagra Peña EIRL
10804,58,953,CADENA DE SUMINISTRO,3363,SUBGERENTE DE COMPRAS,Agustina Ernestina Castillo Castillo,Felipe Roberto Villagra Peña EIRL
10808,58,953,CADENA DE SUMINISTRO,3367,ESPECIALISTA DE PROCUREMENT,Margarita Vanessa San Martín Ahumada,Felipe Roberto Villagra Peña EIRL
10830,58,953,CADENA DE SUMINISTRO,3379,ASISTENTE DE DESPACHO,Mónica Emilia González Labra,Felipe Roberto Villagra Peña EIRL
10854,58,953,CADENA DE SUMINISTRO,3393,PLANIFICADOR DE TRANSPORTES,Jonathan Jorge Olivares Flores,Felipe Roberto Villagra Peña EIRL
10870,58,953,CADENA DE SUMINISTRO,3402,PLANIFICADOR DE PRODUCCION DE LA CADENA DE SUMINISTROS,Ignacia Alfaro,Felipe Roberto Villagra Peña EIRL
10877,58,953,CADENA DE SUMINISTRO,3407,PROJECT PROCUREMENT MANAGER,Francisca Hernández Núñez,Felipe Roberto Villagra Peña EIRL
10878,58,953,CADENA DE SUMINISTRO,3408,STRATEGIC PROCUREMENT OPERATIONS MANAGER,Romina Gabriela Muñoz Catalán,Felipe Roberto Villagra Peña EIRL
10884,58,953,CADENA DE SUMINISTRO,3379,ASISTENTE DE DESPACHO,Millaray Aída Roa Román,Felipe Roberto Villagra Peña EIRL
10890,58,953,CADENA DE SUMINISTRO,3415,JEFE DE GESTION DE SUMINISTRO DE EQUIPOS Y SERVICIOS,Herminia Soto San Martín,Felipe Roberto Villagra Peña EIRL
10891,58,953,CADENA DE SUMINISTRO,3416,LIDER DE ALMACEN,Ámbar Pilar Arancibia Veloso,Felipe Roberto Villagra Peña EIRL
10905,58,953,CADENA DE SUMINISTRO,3426,AYUDANTE BODEGA,Rosa María Cubillos Arancibia,Felipe Roberto Villagra Peña EIRL
10906,58,953,CADENA DE SUMINISTRO,3427,ASISTENTE DE PROYECTO,Massiel Daniela Araya Orellana,Felipe Roberto Villagra Peña EIRL
10908,58,953,CADENA DE SUMINISTRO,3428,JEFE DE BODEGA SUDAMERICANA,Tomás Riveros Troncoso,Felipe Roberto Villagra Peña EIRL
10910,58,953,CADENA DE SUMINISTRO,3426,AYUDANTE BODEGA,Alejandra Moraga Cifuentes,Felipe Roberto Villagra Peña EIRL
10957,58,953,CADENA DE SUMINISTRO,3379,ASISTENTE DE DESPACHO,María Cynthia Concha Gutiérrez,Felipe Roberto Villagra Peña EIRL
10959,58,953,CADENA DE SUMINISTRO,3307,ENCARGADO DE BODEGA,Valentina Maite Roa Concha,Felipe Roberto Villagra Peña EIRL
10981,58,953,CADENA DE SUMINISTRO,3456,OPERADOR BODEGA PRODUCTO TERMINADO,Pedro Mansilla Medina,Felipe Roberto Villagra Peña EIRL
10987,58,953,CADENA DE SUMINISTRO,3456,OPERADOR BODEGA PRODUCTO TERMINADO,Alejandra Arias,Felipe Roberto Villagra Peña EIRL
11015,58,953,CADENA DE SUMINISTRO,3393,PLANIFICADOR DE TRANSPORTES,Magdalena Leyton,Felipe Roberto Villagra Peña EIRL
11021,58,953,CADENA DE SUMINISTRO,3335,ENCARGADA DE COMPRAS Y CONTRATOS,Luis Augusto Soto Andrade,Felipe Roberto Villagra Peña EIRL
11085,58,953,CADENA DE SUMINISTRO,3479,ADMINISTRADOR DE CONTRATO SENIOR,Sofía Ossandón Bustamante,Felipe Roberto Villagra Peña EIRL
3145,36,169,Calidad,690,Supervisor de Calidad,Alejandra Acuña,Corporación Marín y Gallegos S.A.
3732,36,169,Calidad,837,Inspecctor,Matías Pérez Vidal,Corporación Marín y Gallegos S.A.
3735,36,169,Calidad,837,Inspecctor,Cristian Mateo Núñez Pizarro,Corporación Marín y Gallegos S.A.
3736,36,169,Calidad,837,Inspecctor,Gabriela Emilia Castillo Vera,Corporación Marín y Gallegos S.A.
3794,36,169,Calidad,837,Inspecctor,Leonardo Pablo Navarrete Valenzuela,Corporación Marín y Gallegos S.A.
6058,76,331,CALIDAD,1329,ENCARGADO TERRITORIO MEDIO AMBIENTE,Ricardo Bernardo Valenzuela Silva,Grupo Paredes y Vera Sociedad Anónima
6062,76,331,CALIDAD,1468,ASISTENTE CALIDAD,Sebastián Martínez Fuentes,Grupo Paredes y Vera Sociedad Anónima
8183,109,499,CALIDAD,2053,JEFE CALIDAD,Leopoldo Vallejos Sánchez,María Pascal Villarroel Montes E.I.R.L.
8216,58,962,CALIDAD,3457,ASISTENTE DE CALIDAD,Marie Angélica Guerrero Oyarzún,Felipe Roberto Villagra Peña EIRL
10310,58,962,CALIDAD,3591,GERENTE DE EXTRACCION LITIO,Abigail Camila Flores Pérez,Felipe Roberto Villagra Peña EIRL
10419,58,962,CALIDAD,3652,GERENTE REGIONAL DE CALIDAD,Michael Luis Aburto Escobar,Felipe Roberto Villagra Peña EIRL
10440,58,962,CALIDAD,3447,QUIMICO DE CALIDAD,Sergio Herrera,Felipe Roberto Villagra Peña EIRL
10451,58,962,CALIDAD,3447,QUIMICO DE CALIDAD,María Torres Villarroel,Felipe Roberto Villagra Peña EIRL
10459,58,962,CALIDAD,3667,LIDER DE LABORATORIO EXCELENCIA ANALITICA,María Iturra,Felipe Roberto Villagra Peña EIRL
10463,58,962,CALIDAD,3671,SUPERINTENDENTE DE CALIDAD,Katherine Berta Adasme Aravena,Felipe Roberto Villagra Peña EIRL
10532,58,962,CALIDAD,3701,INGENIERO DE CALIDAD DE PLANTA,Marcelo Bastián Tapia Muñoz,Felipe Roberto Villagra Peña EIRL
10575,58,962,CALIDAD,3722,INGENIERO EN SOSTENIBILIDAD AMBIENTAL,Myriam Gallardo,Felipe Roberto Villagra Peña EIRL
10626,58,962,CALIDAD,3394,INGENIERO DE ASEGURAMIENTO DE CALIDAD,Raquel Romina Sánchez Arteaga,Felipe Roberto Villagra Peña EIRL
10855,58,962,CALIDAD,3394,INGENIERO DE ASEGURAMIENTO DE CALIDAD,Miguel Lagos,Felipe Roberto Villagra Peña EIRL
10904,58,962,CALIDAD,3425,JEFE PRODUCCIÓN,Luz Catalina Valdebenito Pérez,Felipe Roberto Villagra Peña EIRL
10961,58,962,CALIDAD,3447,QUIMICO DE CALIDAD,Mauricio Felipe Álvarez Maturana,Felipe Roberto Villagra Peña EIRL
10967,58,962,CALIDAD,3394,INGENIERO DE ASEGURAMIENTO DE CALIDAD,Paola Sara Castro Uribe,Felipe Roberto Villagra Peña EIRL
10977,58,962,CALIDAD,3394,INGENIERO DE ASEGURAMIENTO DE CALIDAD,Nelson Riquelme,Felipe Roberto Villagra Peña EIRL
10986,58,962,CALIDAD,3457,ASISTENTE DE CALIDAD,María González Salinas,Felipe Roberto Villagra Peña EIRL
11790,125,1033,CALIDAD,4184,ENCARGADO DE CALIDAD OPERACIONAL,Javiera Carolina Carrasco Salazar,González y Luna Ltda.
11843,125,1033,CALIDAD,4226,INSPECTOR DE CALIDAD,Lucas Quiroz,González y Luna Ltda.
11849,125,1033,CALIDAD,4226,INSPECTOR DE CALIDAD,Alejandro Manuel Ramírez Carmona,González y Luna Ltda.
11871,125,1033,CALIDAD,4226,INSPECTOR DE CALIDAD,Dora Marcela Vargas Leal,González y Luna Ltda.
11905,125,1033,CALIDAD,4226,INSPECTOR DE CALIDAD,Dagoberto Jorge Díaz Ortega,González y Luna Ltda.
11913,125,1033,CALIDAD,4226,INSPECTOR DE CALIDAD,Allison Valeria Pardo Prieto,González y Luna Ltda.
11945,125,1033,CALIDAD,4226,INSPECTOR DE CALIDAD,Betty Marta García Salazar,González y Luna Ltda.
2838,36,155,Cañería,601,Capataz Andamios,Verónica Peña,Corporación Marín y Gallegos S.A.
2849,36,155,Cañería,609,Capataz Estructura,María Victoria Guerra Vergara,Corporación Marín y Gallegos S.A.
2865,36,155,Cañería,619,Capataz OOCC,Bernardo Sobarzo,Corporación Marín y Gallegos S.A.
2868,36,155,Cañería,620,Capataz Cañería,Mauricio Luis Cabrera Vilches,Corporación Marín y Gallegos S.A.
2881,36,155,Cañería,625,Capataz Eléctrico,Raúl Álvaro Órdenes Núñez,Corporación Marín y Gallegos S.A.
2900,36,155,Cañería,619,Capataz OOCC,Jorge Cortés Bustamante,Corporación Marín y Gallegos S.A.
2901,36,155,Cañería,629,Capataz Mecánico,Albertina Pastén,Corporación Marín y Gallegos S.A.
2908,36,155,Cañería,625,Capataz Eléctrico,Guillermo Juan Díaz Muñoz,Corporación Marín y Gallegos S.A.
2923,36,155,Cañería,629,Capataz Mecánico,Juan Alejandro Galleguillos Riffo,Corporación Marín y Gallegos S.A.
2926,36,155,Cañería,625,Capataz Eléctrico,Carla Mejías Castillo,Corporación Marín y Gallegos S.A.
2930,36,155,Cañería,609,Capataz Estructura,Néstor Álvaro Espinoza Arce,Corporación Marín y Gallegos S.A.
2933,36,155,Cañería,637,Capataz Movimiento de tierra,Yanet Ana Rodríguez Gutiérrez,Corporación Marín y Gallegos S.A.
2935,36,155,Cañería,619,Capataz OOCC,Geraldine Cortés,Corporación Marín y Gallegos S.A.
2940,36,155,Cañería,639,Capataz Control e Instrumentación,Pedro Pizarro,Corporación Marín y Gallegos S.A.
2948,36,155,Cañería,629,Capataz Mecánico,Joaquín Leiva,Corporación Marín y Gallegos S.A.
2961,36,155,Cañería,601,Capataz Andamios,Ana Vania Cáceres Herrera,Corporación Marín y Gallegos S.A.
2970,36,155,Cañería,609,Capataz Estructura,Juan Israel Cerda Sáez,Corporación Marín y Gallegos S.A.
2972,36,155,Cañería,619,Capataz OOCC,María Valeria Muñoz Fuentes,Corporación Marín y Gallegos S.A.
2973,36,155,Cañería,601,Capataz Andamios,Claudio Fredy Cabello Fernández,Corporación Marín y Gallegos S.A.
2978,36,155,Cañería,609,Capataz Estructura,Marcela Consuelo Zúñiga Leiva,Corporación Marín y Gallegos S.A.
2985,36,155,Cañería,629,Capataz Mecánico,Cecilia Julia Morales Soto,Corporación Marín y Gallegos S.A.
2989,36,155,Cañería,619,Capataz OOCC,Amparo Tapia-Ibarra,Corporación Marín y Gallegos S.A.
2992,36,155,Cañería,620,Capataz Cañería,Jaime Figueroa,Corporación Marín y Gallegos S.A.
2993,36,155,Cañería,620,Capataz Cañería,Antonia Martina Fuentes Castro,Corporación Marín y Gallegos S.A.
2997,36,155,Cañería,629,Capataz Mecánico,Martín Brito Ortega,Corporación Marín y Gallegos S.A.
2998,36,155,Cañería,620,Capataz Cañería,Guillermo Héctor Pacheco Espinoza,Corporación Marín y Gallegos S.A.
3019,36,155,Cañería,629,Capataz Mecánico,Víctor Mario Contreras Bastías,Corporación Marín y Gallegos S.A.
3024,36,155,Cañería,619,Capataz OOCC,Bruno Araya,Corporación Marín y Gallegos S.A.
3031,36,155,Cañería,629,Capataz Mecánico,Hugo Héctor Ortiz Aguirre,Corporación Marín y Gallegos S.A.
3065,36,155,Cañería,676,Supervisor Cañería,Rafael Marcelo Medina Carrasco,Corporación Marín y Gallegos S.A.
3071,36,155,Cañería,676,Supervisor Cañería,Antonio Fonseca Miranda,Corporación Marín y Gallegos S.A.
3087,36,155,Cañería,676,Supervisor Cañería,Natalia Barraza Figueroa,Corporación Marín y Gallegos S.A.
3109,36,155,Cañería,676,Supervisor Cañería,Marcela Lagos Yáñez,Corporación Marín y Gallegos S.A.
3120,36,155,Cañería,676,Supervisor Cañería,Marta Margarita Vásquez Espinoza,Corporación Marín y Gallegos S.A.
3122,36,155,Cañería,676,Supervisor Cañería,Amalia Anahí Valdés Baez,Corporación Marín y Gallegos S.A.
3129,36,155,Cañería,676,Supervisor Cañería,Ximena Catalina Salgado Toledo,Corporación Marín y Gallegos S.A.
3134,36,155,Cañería,676,Supervisor Cañería,Romina Alvarado Méndez,Corporación Marín y Gallegos S.A.
3137,36,155,Cañería,676,Supervisor Cañería,Ángela Ramírez,Corporación Marín y Gallegos S.A.
3144,36,155,Cañería,676,Supervisor Cañería,Marcia Carolina Cárcamo Osorio,Corporación Marín y Gallegos S.A.
3163,36,155,Cañería,676,Supervisor Cañería,Vicente Dante Verdugo Cabrera,Corporación Marín y Gallegos S.A.
3372,36,155,Cañería,759,m1 cañeria,Héctor Daniel Villarroel Miranda,Corporación Marín y Gallegos S.A.
3373,36,155,Cañería,760,m2 cañeria,Isabel Vergara Cerda,Corporación Marín y Gallegos S.A.
3374,36,155,Cañería,761,Ayudante Cañeria,María Arcos Moreno,Corporación Marín y Gallegos S.A.
3631,36,155,Cañería,620,Capataz Cañería,Diego Nelson Silva Cisternas,Corporación Marín y Gallegos S.A.
3637,36,155,Cañería,817,MM Cañeria,José Danilo Romero Arcos,Corporación Marín y Gallegos S.A.
3638,36,155,Cañería,620,Capataz Cañería,Vanessa Juliana Ríos Moya,Corporación Marín y Gallegos S.A.
3639,36,155,Cañería,620,Capataz Cañería,Maritza Bórquez,Corporación Marín y Gallegos S.A.
3640,36,155,Cañería,620,Capataz Cañería,Cristina Jacqueline Vidal Concha,Corporación Marín y Gallegos S.A.
3678,36,155,Cañería,759,m1 cañeria,Karla Priscila Herrera Carreño,Corporación Marín y Gallegos S.A.
3686,36,155,Cañería,759,m1 cañeria,Eduardo Aguilera Mora,Corporación Marín y Gallegos S.A.
3687,36,155,Cañería,760,m2 cañeria,José Juan Opazo Padilla,Corporación Marín y Gallegos S.A.
3902,36,155,Cañería,759,m1 cañeria,Marina Cáceres Salinas,Corporación Marín y Gallegos S.A.
4082,36,155,Cañería,760,m2 cañeria,Irma Yenny Huerta Vera,Corporación Marín y Gallegos S.A.
4083,36,155,Cañería,759,m1 cañeria,Vanessa Cabrera Sáez,Corporación Marín y Gallegos S.A.
4658,36,155,Cañería,817,MM Cañeria,Miguel Plaza,Corporación Marín y Gallegos S.A.
4659,36,155,Cañería,817,MM Cañeria,Javiera Pacheco González,Corporación Marín y Gallegos S.A.
4660,36,155,Cañería,817,MM Cañeria,Alejandra Vanessa Concha Cárdenas,Corporación Marín y Gallegos S.A.
4661,36,155,Cañería,817,MM Cañeria,Rodolfo Enrique Alarcón Silva,Corporación Marín y Gallegos S.A.
4662,36,155,Cañería,817,MM Cañeria,José Matías González Rojas,Corporación Marín y Gallegos S.A.
4663,36,155,Cañería,817,MM Cañeria,José Rodrigo Martínez Villegas,Corporación Marín y Gallegos S.A.
4664,36,155,Cañería,817,MM Cañeria,Leonardo Alex Alegría Sandoval,Corporación Marín y Gallegos S.A.
4665,36,155,Cañería,817,MM Cañeria,Rosa Krishna Reyes Carvajal,Corporación Marín y Gallegos S.A.
4666,36,155,Cañería,817,MM Cañeria,David Guido Vásquez Gallardo,Corporación Marín y Gallegos S.A.
4667,36,155,Cañería,817,MM Cañeria,Gonzalo Felipe Uribe Guajardo,Corporación Marín y Gallegos S.A.
4668,36,155,Cañería,817,MM Cañeria,Blanca Vidal,Corporación Marín y Gallegos S.A.
4669,36,155,Cañería,817,MM Cañeria,Daniela Meléndez,Corporación Marín y Gallegos S.A.
4670,36,155,Cañería,817,MM Cañeria,Cristóbal Gustavo Gaete Castro,Corporación Marín y Gallegos S.A.
4671,36,155,Cañería,817,MM Cañeria,Francisca María Villegas Chávez,Corporación Marín y Gallegos S.A.
4672,36,155,Cañería,817,MM Cañeria,Mauricio José Fuentes Miranda,Corporación Marín y Gallegos S.A.
4673,36,155,Cañería,817,MM Cañeria,Rosa Aguilera,Corporación Marín y Gallegos S.A.
4674,36,155,Cañería,817,MM Cañeria,Julia Martina Cáceres Ávila,Corporación Marín y Gallegos S.A.
4675,36,155,Cañería,817,MM Cañeria,Dayana Rodríguez Valenzuela,Corporación Marín y Gallegos S.A.
4676,36,155,Cañería,817,MM Cañeria,Amador Rivera,Corporación Marín y Gallegos S.A.
4677,36,155,Cañería,817,MM Cañeria,Luis Álvaro Galdames Pacheco,Corporación Marín y Gallegos S.A.
4687,36,155,Cañería,817,MM Cañeria,Abel Sepúlveda Cabrera,Corporación Marín y Gallegos S.A.
4690,36,155,Cañería,817,MM Cañeria,Santiago Víctor Aguilera Villarroel,Corporación Marín y Gallegos S.A.
4712,36,155,Cañería,817,MM Cañeria,Luis Víctor Marambio Romero,Corporación Marín y Gallegos S.A.
4713,36,155,Cañería,817,MM Cañeria,Florencia Isabel Morales Cisternas,Corporación Marín y Gallegos S.A.
4714,36,155,Cañería,817,MM Cañeria,Adán Gallegos Moncada,Corporación Marín y Gallegos S.A.
4715,36,155,Cañería,817,MM Cañeria,Paz Morales Cruz,Corporación Marín y Gallegos S.A.
4716,36,155,Cañería,817,MM Cañeria,María Rojas,Corporación Marín y Gallegos S.A.
4717,36,155,Cañería,817,MM Cañeria,Mónica Pérez Cisternas,Corporación Marín y Gallegos S.A.
4719,36,155,Cañería,817,MM Cañeria,Daniela María Chávez Norambuena,Corporación Marín y Gallegos S.A.
4720,36,155,Cañería,817,MM Cañeria,María Espinoza,Corporación Marín y Gallegos S.A.
4721,36,155,Cañería,817,MM Cañeria,Silvia Mónica Fernández Araya,Corporación Marín y Gallegos S.A.
4722,36,155,Cañería,817,MM Cañeria,Héctor Riquelme Montecinos,Corporación Marín y Gallegos S.A.
4723,36,155,Cañería,817,MM Cañeria,Elisa Figueroa Díaz,Corporación Marín y Gallegos S.A.
4724,36,155,Cañería,817,MM Cañeria,Marisol Rosa Venegas Rodríguez,Corporación Marín y Gallegos S.A.
4726,36,155,Cañería,817,MM Cañeria,Alejandra Sonia Moreno Paz,Corporación Marín y Gallegos S.A.
4727,36,155,Cañería,817,MM Cañeria,José Adrián Soto Ramírez,Corporación Marín y Gallegos S.A.
4758,36,155,Cañería,759,m1 cañeria,Wilfredo Gregorio Paredes Mancilla,Corporación Marín y Gallegos S.A.
4759,36,155,Cañería,759,m1 cañeria,Sylvia Bárbara Soto Jiménez,Corporación Marín y Gallegos S.A.
4760,36,155,Cañería,759,m1 cañeria,Matías Vicente Medel Guerrero,Corporación Marín y Gallegos S.A.
4761,36,155,Cañería,759,m1 cañeria,Nelly Cordero,Corporación Marín y Gallegos S.A.
4762,36,155,Cañería,759,m1 cañeria,Loreto Muñoz,Corporación Marín y Gallegos S.A.
4763,36,155,Cañería,759,m1 cañeria,Sebastián Montenegro Salas,Corporación Marín y Gallegos S.A.
4764,36,155,Cañería,759,m1 cañeria,Fernando Miguel Vargas Rojo,Corporación Marín y Gallegos S.A.
4765,36,155,Cañería,759,m1 cañeria,Ayelén María Collao Reyes,Corporación Marín y Gallegos S.A.
4769,36,155,Cañería,1049,capataz cañeria,Isabel Claudia Luna Garrido,Corporación Marín y Gallegos S.A.
5033,36,155,Cañería,817,MM Cañeria,Pablo Juan Castillo Pérez,Corporación Marín y Gallegos S.A.
5078,36,155,Cañería,817,MM Cañeria,Denisse Yesenia Fuentes Jara,Corporación Marín y Gallegos S.A.
5079,36,155,Cañería,817,MM Cañeria,Anita Claudia Pino Baeza,Corporación Marín y Gallegos S.A.
5080,36,155,Cañería,817,MM Cañeria,Luis Tomás Fica Valenzuela,Corporación Marín y Gallegos S.A.
5081,36,155,Cañería,817,MM Cañeria,Jaime González,Corporación Marín y Gallegos S.A.
5082,36,155,Cañería,817,MM Cañeria,Paulina Bastías Villagra,Corporación Marín y Gallegos S.A.
5083,36,155,Cañería,817,MM Cañeria,Juan Diego Romero Miranda,Corporación Marín y Gallegos S.A.
5773,36,155,Cañería,759,m1 cañeria,Ignacio Cristian Burgos Rojas,Corporación Marín y Gallegos S.A.
5781,36,155,Cañería,817,MM Cañeria,Luis Mariano Muñoz Díaz,Corporación Marín y Gallegos S.A.
5782,36,155,Cañería,817,MM Cañeria,Mery Leticia Hernández Villegas,Corporación Marín y Gallegos S.A.
5783,36,155,Cañería,817,MM Cañeria,Fernando Lucio Hernández Cuevas,Corporación Marín y Gallegos S.A.
5784,36,155,Cañería,817,MM Cañeria,Cristóbal González,Corporación Marín y Gallegos S.A.
5785,36,155,Cañería,817,MM Cañeria,Martín Emilio Pinto Reyes,Corporación Marín y Gallegos S.A.
5836,36,155,Cañería,817,MM Cañeria,Luis Muñoz,Corporación Marín y Gallegos S.A.
5837,36,155,Cañería,817,MM Cañeria,Luis Sebastián De La Fuente Correa,Corporación Marín y Gallegos S.A.
5841,36,155,Cañería,759,m1 cañeria,Pía Santibáñez Palacios,Corporación Marín y Gallegos S.A.
5843,36,155,Cañería,759,m1 cañeria,María Rosa Peralta Silva,Corporación Marín y Gallegos S.A.
5846,36,155,Cañería,759,m1 cañeria,Natalia Valentina Velásquez Contreras,Corporación Marín y Gallegos S.A.
5852,36,155,Cañería,760,m2 cañeria,Miguel Lagos Ibarra,Corporación Marín y Gallegos S.A.
5853,36,155,Cañería,759,m1 cañeria,Jovita Claudia Vargas Araya,Corporación Marín y Gallegos S.A.
5854,36,155,Cañería,817,MM Cañeria,Miguel Sebastián Cid Luna,Corporación Marín y Gallegos S.A.
5855,36,155,Cañería,817,MM Cañeria,Fernanda Nicole Riquelme Lara,Corporación Marín y Gallegos S.A.
5856,36,155,Cañería,759,m1 cañeria,Adolfo Henry Seguel Inostroza,Corporación Marín y Gallegos S.A.
5857,36,155,Cañería,759,m1 cañeria,Jorge Luis Vargas Fernández,Corporación Marín y Gallegos S.A.
5858,36,155,Cañería,759,m1 cañeria,Felipe Daniel Badilla Carrasco,Corporación Marín y Gallegos S.A.
5859,36,155,Cañería,759,m1 cañeria,Sonia Olivares-Bravo Saldías,Corporación Marín y Gallegos S.A.
5860,36,155,Cañería,759,m1 cañeria,Gonzalo Patricio Opazo López,Corporación Marín y Gallegos S.A.
5863,36,155,Cañería,759,m1 cañeria,Vicente Torres Torres,Corporación Marín y Gallegos S.A.
5864,36,155,Cañería,759,m1 cañeria,Diego Miguel González Carrasco,Corporación Marín y Gallegos S.A.
5867,36,155,Cañería,761,Ayudante Cañeria,Clemente Sergio Rivera Villarroel,Corporación Marín y Gallegos S.A.
5869,36,155,Cañería,817,MM Cañeria,Diego Silva Olivares,Corporación Marín y Gallegos S.A.
5877,36,155,Cañería,760,m2 cañeria,Michael Felipe Zúñiga Trujillo,Corporación Marín y Gallegos S.A.
5883,36,155,Cañería,759,m1 cañeria,Benjamín Cristóbal Fuentealba Hormazábal,Corporación Marín y Gallegos S.A.
5887,36,155,Cañería,759,m1 cañeria,Cecilia Pinto Soto,Corporación Marín y Gallegos S.A.
5890,36,155,Cañería,759,m1 cañeria,Eric Ricardo Caro Ortega,Corporación Marín y Gallegos S.A.
5892,36,155,Cañería,817,MM Cañeria,Miguel Sepúlveda Brito,Corporación Marín y Gallegos S.A.
5893,36,155,Cañería,817,MM Cañeria,Sonia Miriam Salazar Mendoza,Corporación Marín y Gallegos S.A.
5894,36,155,Cañería,817,MM Cañeria,Nancy Mercedes Andrade Ampuero,Corporación Marín y Gallegos S.A.
6001,36,155,Cañería,817,MM Cañeria,Maximiliano Bastián Órdenes González,Corporación Marín y Gallegos S.A.
2896,36,161,Carpintería,628,Capataz OOCC,Maite Camila Lorca Molina,Corporación Marín y Gallegos S.A.
2995,36,161,Carpintería,645,Capataz Estructura,Julia Rojas,Corporación Marín y Gallegos S.A.
3015,36,161,Carpintería,646,Capataz Andamios,Francisco Sergio Sánchez Díaz,Corporación Marín y Gallegos S.A.
3295,48,188,Comercial,730,Vendedor Técnico,Daniela María Córdova Zambrano,Luciano Miranda Arredondo EIRL
5838,59,320,CONFIABILIDAD,1279,Prof C de confiabilidad,Marcelo Juan Retamal Cárdenas,Herrera y Soto Ltda.
2841,36,156,Eléctrica,604,Capataz Estructura,Marco Soto García,Corporación Marín y Gallegos S.A.
2843,36,156,Eléctrica,606,Capataz Eléctrico,Federico Carlos Pérez Fuentes,Corporación Marín y Gallegos S.A.
2844,36,156,Eléctrica,607,Capataz OOCC,Karla Adelina Burgos Muñoz,Corporación Marín y Gallegos S.A.
2845,36,156,Eléctrica,606,Capataz Eléctrico,Matilda Carmen Sepúlveda Olivares,Corporación Marín y Gallegos S.A.
2846,36,156,Eléctrica,606,Capataz Eléctrico,Viviana Loyola Villa,Corporación Marín y Gallegos S.A.
2853,36,156,Eléctrica,607,Capataz OOCC,Sonia Aravena Pérez,Corporación Marín y Gallegos S.A.
2855,36,156,Eléctrica,604,Capataz Estructura,Joaquín Núñez,Corporación Marín y Gallegos S.A.
2856,36,156,Eléctrica,606,Capataz Eléctrico,Juan Díaz Araneda,Corporación Marín y Gallegos S.A.
2869,36,156,Eléctrica,621,Capataz Mecánico,Jaime Daniel Villarroel Escobar,Corporación Marín y Gallegos S.A.
2871,36,156,Eléctrica,606,Capataz Eléctrico,Carlos Luis Muñoz Gómez,Corporación Marín y Gallegos S.A.
2873,36,156,Eléctrica,606,Capataz Eléctrico,Elizabeth Marisol Figueroa Parra,Corporación Marín y Gallegos S.A.
2878,36,156,Eléctrica,621,Capataz Mecánico,Danitza Aída Vera Rivera,Corporación Marín y Gallegos S.A.
2892,36,156,Eléctrica,607,Capataz OOCC,Matías Soto Muñoz,Corporación Marín y Gallegos S.A.
2894,36,156,Eléctrica,621,Capataz Mecánico,Ariel Arnaldo Vera Rojas,Corporación Marín y Gallegos S.A.
2904,36,156,Eléctrica,630,Capataz Cañería,Pedro Arenas Jiménez,Corporación Marín y Gallegos S.A.
2907,36,156,Eléctrica,631,Capataz Andamios,Ana Jacqueline Riquelme Jara,Corporación Marín y Gallegos S.A.
2910,36,156,Eléctrica,621,Capataz Mecánico,Jennifer Pamela Inostroza Páez,Corporación Marín y Gallegos S.A.
2911,36,156,Eléctrica,606,Capataz Eléctrico,Fernanda Briceño,Corporación Marín y Gallegos S.A.
2913,36,156,Eléctrica,606,Capataz Eléctrico,Pablo César González Riveros,Corporación Marín y Gallegos S.A.
2916,36,156,Eléctrica,633,Capataz Pintura Arenado y Señaletica,Mirta Palma Donoso,Corporación Marín y Gallegos S.A.
2917,36,156,Eléctrica,606,Capataz Eléctrico,María Andrea Letelier Leal,Corporación Marín y Gallegos S.A.
2920,36,156,Eléctrica,606,Capataz Eléctrico,Macarena Salamanca Farías,Corporación Marín y Gallegos S.A.
2922,36,156,Eléctrica,607,Capataz OOCC,Camila Cruz,Corporación Marín y Gallegos S.A.
2938,36,156,Eléctrica,604,Capataz Estructura,Milton Juan Núñez Carrasco,Corporación Marín y Gallegos S.A.
2939,36,156,Eléctrica,630,Capataz Cañería,Roberto Johan López Méndez,Corporación Marín y Gallegos S.A.
2942,36,156,Eléctrica,631,Capataz Andamios,Felipe Manuel Barría Bustos,Corporación Marín y Gallegos S.A.
2951,36,156,Eléctrica,630,Capataz Cañería,Carmen Aguilar Fernández,Corporación Marín y Gallegos S.A.
2968,36,156,Eléctrica,604,Capataz Estructura,Gladys Marta Marchant Ávila,Corporación Marín y Gallegos S.A.
2981,36,156,Eléctrica,621,Capataz Mecánico,Arnaldo Ignacio García Flores,Corporación Marín y Gallegos S.A.
2983,36,156,Eléctrica,621,Capataz Mecánico,Leandro Ceballos,Corporación Marín y Gallegos S.A.
2987,36,156,Eléctrica,631,Capataz Andamios,José Matías Farías Salazar,Corporación Marín y Gallegos S.A.
2988,36,156,Eléctrica,606,Capataz Eléctrico,María Rivas Vicencio,Corporación Marín y Gallegos S.A.
2990,36,156,Eléctrica,630,Capataz Cañería,Patricio Rodolfo Herrera Cabrera,Corporación Marín y Gallegos S.A.
2999,36,156,Eléctrica,631,Capataz Andamios,Marcelo Adolfo Pereira González,Corporación Marín y Gallegos S.A.
3004,36,156,Eléctrica,606,Capataz Eléctrico,Manuel Sepúlveda Cárdenas,Corporación Marín y Gallegos S.A.
3012,36,156,Eléctrica,604,Capataz Estructura,Gabriel Rebolledo Salas,Corporación Marín y Gallegos S.A.
3018,36,156,Eléctrica,631,Capataz Andamios,Brígida Melo Correa,Corporación Marín y Gallegos S.A.
3023,36,156,Eléctrica,631,Capataz Andamios,Gisselle Montenegro,Corporación Marín y Gallegos S.A.
3028,36,156,Eléctrica,606,Capataz Eléctrico,Rodrigo Carlos Rojas Becerra,Corporación Marín y Gallegos S.A.
3032,36,156,Eléctrica,621,Capataz Mecánico,María Fuentes,Corporación Marín y Gallegos S.A.
3082,36,156,Eléctrica,683,Supervisor Eléctrico,Juan García Miranda,Corporación Marín y Gallegos S.A.
3105,36,156,Eléctrica,683,Supervisor Eléctrico,Rosa Lidia López Díaz,Corporación Marín y Gallegos S.A.
3113,36,156,Eléctrica,683,Supervisor Eléctrico,Eduardo Gabriel Solís Lizana,Corporación Marín y Gallegos S.A.
3114,36,156,Eléctrica,683,Supervisor Eléctrico,María Marta Zamorano Saavedra,Corporación Marín y Gallegos S.A.
3124,36,156,Eléctrica,683,Supervisor Eléctrico,Cecilia Rodríguez,Corporación Marín y Gallegos S.A.
3136,36,156,Eléctrica,683,Supervisor Eléctrico,Patricio Calderón,Corporación Marín y Gallegos S.A.
3140,36,156,Eléctrica,683,Supervisor Eléctrico,María Navarrete Figueroa,Corporación Marín y Gallegos S.A.
3151,36,156,Eléctrica,683,Supervisor Eléctrico,Guillermo Toro,Corporación Marín y Gallegos S.A.
3157,36,156,Eléctrica,683,Supervisor Eléctrico,Diego González,Corporación Marín y Gallegos S.A.
3159,36,156,Eléctrica,683,Supervisor Eléctrico,Emilio José Tapia Santana,Corporación Marín y Gallegos S.A.
3533,36,156,Eléctrica,788,capataz electrico,Matilde Doris Hernández González,Corporación Marín y Gallegos S.A.
3534,36,156,Eléctrica,606,Capataz Eléctrico,Oriana Olate Salazar,Corporación Marín y Gallegos S.A.
3535,36,156,Eléctrica,606,Capataz Eléctrico,Helen Daniela Cancino Ampuero,Corporación Marín y Gallegos S.A.
3624,36,156,Eléctrica,683,Supervisor Eléctrico,Lilian Marie Sandoval Araya,Corporación Marín y Gallegos S.A.
3677,36,156,Eléctrica,823,M1 Electrico,Felipe Osvaldo Mora Farías,Corporación Marín y Gallegos S.A.
3688,36,156,Eléctrica,823,M1 Electrico,Mariana Rosa Villalobos Pinto,Corporación Marín y Gallegos S.A.
3689,36,156,Eléctrica,823,M1 Electrico,Sonia Celinda Carrillo Cuevas,Corporación Marín y Gallegos S.A.
3690,36,156,Eléctrica,823,M1 Electrico,Iris María Ortega Ramos,Corporación Marín y Gallegos S.A.
3691,36,156,Eléctrica,823,M1 Electrico,Elizabeth Gabriela Bugueño Ramírez,Corporación Marín y Gallegos S.A.
3696,36,156,Eléctrica,823,M1 Electrico,Viviana Marisol Vergara Ojeda,Corporación Marín y Gallegos S.A.
3697,36,156,Eléctrica,823,M1 Electrico,Silvia Paula Jofré Méndez,Corporación Marín y Gallegos S.A.
3698,36,156,Eléctrica,828,M2 Electrico,Belén Sofía Fierro Albornoz,Corporación Marín y Gallegos S.A.
3702,36,156,Eléctrica,828,M2 Electrico,Mónica Verdugo Vera,Corporación Marín y Gallegos S.A.
3716,36,156,Eléctrica,823,M1 Electrico,Vanessa Arias,Corporación Marín y Gallegos S.A.
3717,36,156,Eléctrica,823,M1 Electrico,Alicia Riquelme Segura,Corporación Marín y Gallegos S.A.
3718,36,156,Eléctrica,828,M2 Electrico,Constanza Carolina Almonacid López,Corporación Marín y Gallegos S.A.
3719,36,156,Eléctrica,835,MM Electrico,Carmen Isidora Sánchez Rodríguez,Corporación Marín y Gallegos S.A.
3720,36,156,Eléctrica,604,Capataz Estructura,Claudia Morales Olave,Corporación Marín y Gallegos S.A.
3721,36,156,Eléctrica,823,M1 Electrico,Sara Aranda Muñoz,Corporación Marín y Gallegos S.A.
3776,36,156,Eléctrica,835,MM Electrico,Gabriel González,Corporación Marín y Gallegos S.A.
3778,36,156,Eléctrica,823,M1 Electrico,Diego Palacios,Corporación Marín y Gallegos S.A.
3786,36,156,Eléctrica,823,M1 Electrico,Simón Díaz,Corporación Marín y Gallegos S.A.
3788,36,156,Eléctrica,823,M1 Electrico,Mauricio Ríos Álvarez,Corporación Marín y Gallegos S.A.
3899,36,156,Eléctrica,823,M1 Electrico,René Moreno,Corporación Marín y Gallegos S.A.
4036,36,156,Eléctrica,823,M1 Electrico,Mónica Susana Contreras Olea,Corporación Marín y Gallegos S.A.
4037,36,156,Eléctrica,828,M2 Electrico,Trinidad Cecilia Vejar Montecinos,Corporación Marín y Gallegos S.A.
4038,36,156,Eléctrica,823,M1 Electrico,Bernardo Baez Cares,Corporación Marín y Gallegos S.A.
4039,36,156,Eléctrica,823,M1 Electrico,Bianca Inés Núñez González,Corporación Marín y Gallegos S.A.
4050,36,156,Eléctrica,823,M1 Electrico,Santiago Inostroza Sánchez,Corporación Marín y Gallegos S.A.
4051,36,156,Eléctrica,823,M1 Electrico,Sandra Mariluz Tapia Benavides,Corporación Marín y Gallegos S.A.
4055,36,156,Eléctrica,828,M2 Electrico,Mateo Arévalo,Corporación Marín y Gallegos S.A.
4059,36,156,Eléctrica,823,M1 Electrico,Juan Francisco Rivera Acuña,Corporación Marín y Gallegos S.A.
4060,36,156,Eléctrica,828,M2 Electrico,Christian Maldonado Altamirano,Corporación Marín y Gallegos S.A.
4064,36,156,Eléctrica,823,M1 Electrico,Angie Oyarzún,Corporación Marín y Gallegos S.A.
4065,36,156,Eléctrica,823,M1 Electrico,Liliana Monserrat Alfaro Urzúa,Corporación Marín y Gallegos S.A.
4110,36,156,Eléctrica,823,M1 Electrico,Nancy Mariana Ortiz Moreno,Corporación Marín y Gallegos S.A.
4130,36,156,Eléctrica,823,M1 Electrico,Nidia Julieta Fica López,Corporación Marín y Gallegos S.A.
4644,36,156,Eléctrica,835,MM Electrico,Néstor Carmona Díaz,Corporación Marín y Gallegos S.A.
4645,36,156,Eléctrica,835,MM Electrico,Claudio Andrés Cárdenas Inostroza,Corporación Marín y Gallegos S.A.
4646,36,156,Eléctrica,835,MM Electrico,Adolfo Inostroza,Corporación Marín y Gallegos S.A.
5037,36,156,Eléctrica,835,MM Electrico,Claudio Sepúlveda,Corporación Marín y Gallegos S.A.
5038,36,156,Eléctrica,835,MM Electrico,Carlos Cristóbal González Moraga,Corporación Marín y Gallegos S.A.
5039,36,156,Eléctrica,835,MM Electrico,Santiago Hugo Aguilera Valdés,Corporación Marín y Gallegos S.A.
5040,36,156,Eléctrica,835,MM Electrico,Lorena Rosa Moreno Bahamondes,Corporación Marín y Gallegos S.A.
5041,36,156,Eléctrica,835,MM Electrico,Bárbara Aravena Díaz,Corporación Marín y Gallegos S.A.
5042,36,156,Eléctrica,835,MM Electrico,Rebeca Contreras,Corporación Marín y Gallegos S.A.
5043,36,156,Eléctrica,835,MM Electrico,Camila Fernanda Sepúlveda Alvarado,Corporación Marín y Gallegos S.A.
5044,36,156,Eléctrica,835,MM Electrico,Manuel Flores Ruiz,Corporación Marín y Gallegos S.A.
5183,36,156,Eléctrica,835,MM Electrico,Luciano José Celis Carmona,Corporación Marín y Gallegos S.A.
5184,36,156,Eléctrica,835,MM Electrico,Constanza González Ovalle,Corporación Marín y Gallegos S.A.
5185,36,156,Eléctrica,835,MM Electrico,Benjamín Cornejo González,Corporación Marín y Gallegos S.A.
5186,36,156,Eléctrica,835,MM Electrico,Cristofer Santiago Celis Varas,Corporación Marín y Gallegos S.A.
5187,36,156,Eléctrica,835,MM Electrico,Victoria Pérez-Carmona,Corporación Marín y Gallegos S.A.
5188,36,156,Eléctrica,835,MM Electrico,Carolina García,Corporación Marín y Gallegos S.A.
5189,36,156,Eléctrica,835,MM Electrico,Andrea María González Donoso,Corporación Marín y Gallegos S.A.
5201,36,156,Eléctrica,823,M1 Electrico,Isaac Jaime Riquelme Barraza,Corporación Marín y Gallegos S.A.
5270,36,156,Eléctrica,823,M1 Electrico,María Cárdenas,Corporación Marín y Gallegos S.A.
5576,36,156,Eléctrica,823,M1 Electrico,Emilia Yáñez,Corporación Marín y Gallegos S.A.
5770,36,156,Eléctrica,828,M2 Electrico,Josefa Rosa Caro Márquez,Corporación Marín y Gallegos S.A.
5771,36,156,Eléctrica,823,M1 Electrico,Renata Campos,Corporación Marín y Gallegos S.A.
5772,36,156,Eléctrica,823,M1 Electrico,Bastián Juan Vergara Miranda,Corporación Marín y Gallegos S.A.
5779,36,156,Eléctrica,835,MM Electrico,Cristóbal Jorge Aravena Andrade,Corporación Marín y Gallegos S.A.
5780,36,156,Eléctrica,823,M1 Electrico,Javiera Lucero Guerrero,Corporación Marín y Gallegos S.A.
5790,36,156,Eléctrica,835,MM Electrico,Cristóbal Eduardo Vidal San Martín,Corporación Marín y Gallegos S.A.
5791,36,156,Eléctrica,835,MM Electrico,Sebastián Eydan Salazar Soto,Corporación Marín y Gallegos S.A.
5792,36,156,Eléctrica,835,MM Electrico,Rafael Rozas,Corporación Marín y Gallegos S.A.
5793,36,156,Eléctrica,823,M1 Electrico,Camila Katherin Ahumada Monsalve,Corporación Marín y Gallegos S.A.
5795,36,156,Eléctrica,835,MM Electrico,Jacqueline Sandoval Torres,Corporación Marín y Gallegos S.A.
5796,36,156,Eléctrica,835,MM Electrico,Jorge López Cid,Corporación Marín y Gallegos S.A.
5798,36,156,Eléctrica,835,MM Electrico,Jesús Soto Galleguillos,Corporación Marín y Gallegos S.A.
5815,36,156,Eléctrica,835,MM Electrico,Jorge Hernández Véliz,Corporación Marín y Gallegos S.A.
5868,36,156,Eléctrica,823,M1 Electrico,Pamela Galaz Lira,Corporación Marín y Gallegos S.A.
5870,36,156,Eléctrica,828,M2 Electrico,René Mansilla Labra,Corporación Marín y Gallegos S.A.
5871,36,156,Eléctrica,823,M1 Electrico,Emilio Felipe Cornejo Cáceres,Corporación Marín y Gallegos S.A.
5872,36,156,Eléctrica,823,M1 Electrico,Amanda Guzmán Aravena,Corporación Marín y Gallegos S.A.
5873,36,156,Eléctrica,823,M1 Electrico,Pedro Sepúlveda,Corporación Marín y Gallegos S.A.
5878,36,156,Eléctrica,823,M1 Electrico,Amelia Guerra-Rivera,Corporación Marín y Gallegos S.A.
5895,36,156,Eléctrica,835,MM Electrico,Daniel García,Corporación Marín y Gallegos S.A.
5896,36,156,Eléctrica,835,MM Electrico,Cristóbal Iván Vega Orellana,Corporación Marín y Gallegos S.A.
5897,36,156,Eléctrica,835,MM Electrico,Rosa Trinidad Olea Luna,Corporación Marín y Gallegos S.A.
5906,36,156,Eléctrica,835,MM Electrico,Marie Solís,Corporación Marín y Gallegos S.A.
5908,36,156,Eléctrica,835,MM Electrico,Jessica Bernardita Carrasco Velásquez,Corporación Marín y Gallegos S.A.
5920,36,156,Eléctrica,835,MM Electrico,Victoria Jessica Marín Fernández,Corporación Marín y Gallegos S.A.
5993,36,156,Eléctrica,835,MM Electrico,Leonardo Julio Bravo Vera,Corporación Marín y Gallegos S.A.
5994,36,156,Eléctrica,835,MM Electrico,Norma Eva Palma Navarrete,Corporación Marín y Gallegos S.A.
5995,36,156,Eléctrica,835,MM Electrico,Cristina Edith Rojas Salazar,Corporación Marín y Gallegos S.A.
5996,36,156,Eléctrica,835,MM Electrico,Rafael Isaías Donoso Rivas,Corporación Marín y Gallegos S.A.
5997,36,156,Eléctrica,835,MM Electrico,Gabriela Lucrecia Campos Leiva,Corporación Marín y Gallegos S.A.
5998,36,156,Eléctrica,835,MM Electrico,Zunilda Patricia Carvajal Maldonado,Corporación Marín y Gallegos S.A.
5999,36,156,Eléctrica,835,MM Electrico,Constanza Violeta Oliva Parraguez,Corporación Marín y Gallegos S.A.
6000,36,156,Eléctrica,835,MM Electrico,Rosa Godoy San Martín,Corporación Marín y Gallegos S.A.
6002,36,156,Eléctrica,835,MM Electrico,Johanna González Soto,Corporación Marín y Gallegos S.A.
6003,36,156,Eléctrica,835,MM Electrico,Rosa Sonia Gallegos Araya,Corporación Marín y Gallegos S.A.
6004,36,156,Eléctrica,835,MM Electrico,Carlos Daniel Valencia Seguel,Corporación Marín y Gallegos S.A.
6005,36,156,Eléctrica,835,MM Electrico,Alejandra Lobos Pastén,Corporación Marín y Gallegos S.A.
6006,36,156,Eléctrica,835,MM Electrico,Franco Jefferson Riquelme Baez,Corporación Marín y Gallegos S.A.
6007,36,156,Eléctrica,835,MM Electrico,Valentín Arce,Corporación Marín y Gallegos S.A.
7117,36,156,Eléctrica,835,MM Electrico,William Luis Gutiérrez Chávez,Corporación Marín y Gallegos S.A.
7632,98,476,ELÉCTRICA,1912,M1,Cristian Sebastián Maureira Tobar,Morales S.A.
7697,98,476,ELÉCTRICA,1912,M1,Roxana Gabriela González Núñez,Morales S.A.
8528,58,956,FINANZAS,3300,INGENIERO CONTROL DE COSTOS,Renato Octavio González Arellano,Felipe Roberto Villagra Peña EIRL
9944,101,544,FINANZAS,2505,GERENTE DE FINANZAS,Oscar Barra Vásquez,Sánchez y López S.p.A.
10302,58,956,FINANZAS,3584,GERENTE DE CONTROL Y FINANZAS,Herminio Álvaro González Pérez,Felipe Roberto Villagra Peña EIRL
10304,58,956,FINANZAS,3586,CONTROL DE PLANTA SENIOR,León Carlos Valencia Paredes,Felipe Roberto Villagra Peña EIRL
10314,58,956,FINANZAS,3595,COORDINADOR DE ACTIVO FIJO,Florencia Paulina Pérez Sánchez,Felipe Roberto Villagra Peña EIRL
10322,58,956,FINANZAS,3597,ASISTENTE DE ADMINISTRACIÓN,Rosa Daniela Araya Pincheira,Felipe Roberto Villagra Peña EIRL
10350,58,956,FINANZAS,3617,REGIONAL PROJECT FINANCE MANAGER AMERICAS,Ramón Damián Vidal Mansilla,Felipe Roberto Villagra Peña EIRL
10457,58,956,FINANZAS,3300,INGENIERO CONTROL DE COSTOS,Elcira Blanca Villa Núñez,Felipe Roberto Villagra Peña EIRL
10460,58,956,FINANZAS,3668,SUBGERENTE DE IMPUESTOS,Andrea Contreras González,Felipe Roberto Villagra Peña EIRL
10471,58,956,FINANZAS,3673,ANALISTA CUENTAS POR PAGAR,Carlos Enrique Rosas Sepúlveda,Felipe Roberto Villagra Peña EIRL
10489,58,956,FINANZAS,3683,CONTADOR GENERAL,Daniela Parra Contreras,Felipe Roberto Villagra Peña EIRL
10541,58,956,FINANZAS,3710,CONTROLLER SUPERVISOR,Elisa Sepúlveda,Felipe Roberto Villagra Peña EIRL
10754,58,956,FINANZAS,3336,CONTROL DE PLANTA JUNIOR,Edith Rocío Ponce Núñez,Felipe Roberto Villagra Peña EIRL
10893,58,956,FINANZAS,3418,REGULATORY REPORTING AND ACCOUNTING MANAGER,Claudia Vargas Paredes,Felipe Roberto Villagra Peña EIRL
4282,57,238,INGENIERÍA,942,INGENIERO DE MANTENIMIENTO,Matilde Pamela Salazar Miranda,Grupo Campos y Torres SPA
4289,57,238,INGENIERÍA,944,MECANICO B,Bayron Sánchez Valderrama,Grupo Campos y Torres SPA
4350,57,238,INGENIERÍA,955,INSPECTOR TECNICO,Rodrigo Sanhueza Torres,Grupo Campos y Torres SPA
4531,58,958,INGENIERÍA,3354,GEOLOGO,Juan Araya Chandía,Felipe Roberto Villagra Peña EIRL
4535,58,958,INGENIERÍA,3313,INSP. TÉCNICO DE OBRA,Teresa Allendes Jofré,Felipe Roberto Villagra Peña EIRL
4538,58,958,INGENIERÍA,3711,INGENIERO AMBIENTAL,Francisco Miranda Valenzuela,Felipe Roberto Villagra Peña EIRL
4544,58,958,INGENIERÍA,3313,INSP. TÉCNICO DE OBRA,Gonzalo Luis Díaz Zurita,Felipe Roberto Villagra Peña EIRL
4559,58,958,INGENIERÍA,3666,JEFE PLANIFICACION DE PRODUCCION,Joaquín Martín Jaque Palma,Felipe Roberto Villagra Peña EIRL
4566,58,958,INGENIERÍA,3375,ESPECIALISTA DE MEDIO AMBIENTE,Alexis Leandro Quispe Correa,Felipe Roberto Villagra Peña EIRL
4569,58,958,INGENIERÍA,3412,HIDROGEOLOGO DE TERRENO,Álvaro Sergio Paredes Valderrama,Felipe Roberto Villagra Peña EIRL
4572,58,958,INGENIERÍA,3313,INSP. TÉCNICO DE OBRA,Luis Gutiérrez Sanhueza,Felipe Roberto Villagra Peña EIRL
4581,58,958,INGENIERÍA,3412,HIDROGEOLOGO DE TERRENO,Marco César Hidalgo Salinas,Felipe Roberto Villagra Peña EIRL
4584,58,958,INGENIERÍA,3313,INSP. TÉCNICO DE OBRA,Patricio Augusto Astete Venegas,Felipe Roberto Villagra Peña EIRL
4585,58,958,INGENIERÍA,3354,GEOLOGO,Carolina Katherine Yáñez Muñoz,Felipe Roberto Villagra Peña EIRL
4594,58,958,INGENIERÍA,3313,INSP. TÉCNICO DE OBRA,Valentín Ángel Escobar Pérez,Felipe Roberto Villagra Peña EIRL
4598,58,958,INGENIERÍA,3391,INGENIERO PROCESO,Juan Ramón Villagra Trujillo,Felipe Roberto Villagra Peña EIRL
4600,58,958,INGENIERÍA,3655,JEFE DE PROCESOS,Jorge Alvarado Cárdenas,Felipe Roberto Villagra Peña EIRL
4608,58,958,INGENIERÍA,3334,LIDER DE EXPLORACIONES,José Carmona Ortiz,Felipe Roberto Villagra Peña EIRL
4609,58,958,INGENIERÍA,3313,INSP. TÉCNICO DE OBRA,María Mena,Felipe Roberto Villagra Peña EIRL
4615,58,958,INGENIERÍA,3388,INGENIERO DE ASEGURAMIENTO DE CALIDAD,Nelson Venegas Burgos,Felipe Roberto Villagra Peña EIRL
4932,57,238,INGENIERÍA,955,INSPECTOR TECNICO,Eva Zúñiga Salamanca,Grupo Campos y Torres SPA
5217,57,238,INGENIERÍA,955,INSPECTOR TECNICO,Claudia Lorca,Grupo Campos y Torres SPA
5982,58,958,INGENIERÍA,3391,INGENIERO PROCESO,Vicente Arias Contreras,Felipe Roberto Villagra Peña EIRL
5983,58,958,INGENIERÍA,3351,COORDINADOR DE CONSTRUCCION,Josefina Vega Parra,Felipe Roberto Villagra Peña EIRL
6268,58,958,INGENIERÍA,3708,ASISTENTE HIDROGEOLOGIA,Antonia Henríquez Rojas,Felipe Roberto Villagra Peña EIRL
6500,58,958,INGENIERÍA,3431,ASISTENTE DE HIDROGEOLOGIA,Jaime Vargas,Felipe Roberto Villagra Peña EIRL
6501,58,958,INGENIERÍA,3431,ASISTENTE DE HIDROGEOLOGIA,Ronald Briceño Rivas,Felipe Roberto Villagra Peña EIRL
7533,58,958,INGENIERÍA,3431,ASISTENTE DE HIDROGEOLOGIA,José Álvaro Salamanca Gutiérrez,Felipe Roberto Villagra Peña EIRL
8305,57,238,INGENIERÍA,955,INSPECTOR TECNICO,Rosa Luisa Galleguillos Aguilera,Grupo Campos y Torres SPA
8508,57,238,INGENIERÍA,955,INSPECTOR TECNICO,Víctor López Neira,Grupo Campos y Torres SPA
8518,58,958,INGENIERÍA,3351,COORDINADOR DE CONSTRUCCION,Juan Cristóbal Valenzuela Silva,Felipe Roberto Villagra Peña EIRL
10306,58,958,INGENIERÍA,3391,INGENIERO PROCESO,Daniela Loreto Carrasco Mamani,Felipe Roberto Villagra Peña EIRL
10308,58,958,INGENIERÍA,3589,REPRESENTANTE DE OPERACIONES,Oscar Rodríguez,Felipe Roberto Villagra Peña EIRL
10309,58,958,INGENIERÍA,3590,HIDROGEOLOGO,María Vergara,Felipe Roberto Villagra Peña EIRL
10317,58,958,INGENIERÍA,3455,INGENIERO DE PROYECTO,Federico Arias Briones,Felipe Roberto Villagra Peña EIRL
10318,58,958,INGENIERÍA,3417,LIDER DE PROYECTOS,Pamela Martina Córdova Navarro,Felipe Roberto Villagra Peña EIRL
10325,58,958,INGENIERÍA,3390,JEFE DE PROYECTOS,Carolina Sofía Araya Escobar,Felipe Roberto Villagra Peña EIRL
10339,58,958,INGENIERÍA,3611,INGENIERO PROCESO SENIOR,Dina Zavala Gómez,Felipe Roberto Villagra Peña EIRL
10359,58,958,INGENIERÍA,3391,INGENIERO PROCESO,Oscar Parra,Felipe Roberto Villagra Peña EIRL
10370,58,958,INGENIERÍA,3465,SUBGERENTE DE PORTAFOLIO,Catalina Francisca Romero Quezada,Felipe Roberto Villagra Peña EIRL
10387,58,958,INGENIERÍA,3634,COORDINADOR ELECTRICIDAD E INSTRUMENTACION,Víctor Gómez,Felipe Roberto Villagra Peña EIRL
10404,58,958,INGENIERÍA,3643,SUBGERENTE DE PROYECTO,Michael Fernández Castro,Felipe Roberto Villagra Peña EIRL
10405,58,958,INGENIERÍA,3313,INSP. TÉCNICO DE OBRA,Aldo Mardones Bustamante,Felipe Roberto Villagra Peña EIRL
10411,58,958,INGENIERÍA,3646,INGENIERO DE PROCESOS TECNICOS,Constanza Opazo,Felipe Roberto Villagra Peña EIRL
10420,58,958,INGENIERÍA,3313,INSP. TÉCNICO DE OBRA,Tomás José Cárcamo Palacios,Felipe Roberto Villagra Peña EIRL
10432,58,958,INGENIERÍA,3658,SUBGERENTE CONTROL DE PROYECTOS,Rosa Fabiola Soto Caro,Felipe Roberto Villagra Peña EIRL
10442,58,958,INGENIERÍA,3455,INGENIERO DE PROYECTO,Antonia Catalina Silva Pérez,Felipe Roberto Villagra Peña EIRL
10470,58,958,INGENIERÍA,3672,SUBGERENTE DE DESARROLLO Y PROYECTOS,Denise Vilches Carrasco,Felipe Roberto Villagra Peña EIRL
10472,58,958,INGENIERÍA,3674,GERENTE DE CONSTRUCCION,Irma Aguilera Arce,Felipe Roberto Villagra Peña EIRL
10502,58,958,INGENIERÍA,3391,INGENIERO PROCESO,Dafne Moncada,Felipe Roberto Villagra Peña EIRL
10506,58,958,INGENIERÍA,3693,DIRECTOR SENIOR DE PROYECTOS,Diego Fabián Araya Bahamonde,Felipe Roberto Villagra Peña EIRL
10510,58,958,INGENIERÍA,3694,INGENIERO INSTRUMENTACION,Sofía Renata Zapata Fuentealba,Felipe Roberto Villagra Peña EIRL
10512,58,958,INGENIERÍA,3696,INSP. TÉCNICO DE  OBRA MECANICO,Antonella González,Felipe Roberto Villagra Peña EIRL
10528,58,958,INGENIERÍA,3590,HIDROGEOLOGO,Ana Rojas,Felipe Roberto Villagra Peña EIRL
10533,58,958,INGENIERÍA,3702,LIDER DE PROCESOS,Isidora Reyes-Varela,Felipe Roberto Villagra Peña EIRL
10534,58,958,INGENIERÍA,3703,LIDER DE INTELIGENCIA DE TECNOLOGIAS,María Jara Flores,Felipe Roberto Villagra Peña EIRL
10536,58,958,INGENIERÍA,3705,CONTROL GESTIÓN INTERNO,María Herminda Hernández Molina,Felipe Roberto Villagra Peña EIRL
10543,58,958,INGENIERÍA,3313,INSP. TÉCNICO DE OBRA,Fernando Bastián Valencia Osorio,Felipe Roberto Villagra Peña EIRL
10550,58,958,INGENIERÍA,3713,INSPECTOR TECNICO ELECTRICO E INSTRUMENTACION,Camila Renata Flores Palma,Felipe Roberto Villagra Peña EIRL
10552,58,958,INGENIERÍA,3714,ESPECIALISTA DE CONTROLES DE PROYECTO,Manuel Valenzuela Mendoza,Felipe Roberto Villagra Peña EIRL
10553,58,958,INGENIERÍA,3391,INGENIERO PROCESO,Guillermo Oscar Espinoza Carmona,Felipe Roberto Villagra Peña EIRL
10554,58,958,INGENIERÍA,3715,JEFE DE PLANIFICACION,Julio Alejandro Pavez González,Felipe Roberto Villagra Peña EIRL
10556,58,958,INGENIERÍA,3313,INSP. TÉCNICO DE OBRA,María Rojas Riquelme,Felipe Roberto Villagra Peña EIRL
10563,58,958,INGENIERÍA,3719,SOPORTE TÉCNICO DE CONTRATOS,Emiliano Maximiliano Aguilera Jorquera,Felipe Roberto Villagra Peña EIRL
10568,58,958,INGENIERÍA,3429,INGENIERO PLANIFICADOR,Pedro José Rebolledo Bustamante,Felipe Roberto Villagra Peña EIRL
10576,58,958,INGENIERÍA,3403,INGENIERO CONTROL PROYECTOS,Constanza Ávila Pavez,Felipe Roberto Villagra Peña EIRL
10577,58,958,INGENIERÍA,3351,COORDINADOR DE CONSTRUCCION,Luis Carlos Pérez Retamal,Felipe Roberto Villagra Peña EIRL
10584,58,958,INGENIERÍA,3727,INGENIERO DE SISTEMAS E INSTRUMENTACION,Daniela Ulloa,Felipe Roberto Villagra Peña EIRL
10589,58,958,INGENIERÍA,3611,INGENIERO PROCESO SENIOR,Vicente Héctor Venegas Neira,Felipe Roberto Villagra Peña EIRL
10596,58,958,INGENIERÍA,3313,INSP. TÉCNICO DE OBRA,Yanara María Retamal Soto,Felipe Roberto Villagra Peña EIRL
10597,58,958,INGENIERÍA,3735,SUBGERENTE DE INGENIERÍA,Rubén Jaime Calderón Molina,Felipe Roberto Villagra Peña EIRL
10615,58,958,INGENIERÍA,3740,INGENIERO TRAINEE,César Rodríguez Núñez,Felipe Roberto Villagra Peña EIRL
10617,58,958,INGENIERÍA,3742,SUBGERENTE DE CONSTRUCCION DE OBRAS CIVILES,Nancy Sandra Muñoz Alarcón,Felipe Roberto Villagra Peña EIRL
10633,58,958,INGENIERÍA,3348,LIDER DE ADMINISTRACION DE CONTRATOS,Carolina Ponce Barros,Felipe Roberto Villagra Peña EIRL
10695,58,958,INGENIERÍA,3310,SUPERINTENDENTE DE HIDROGEOLOGIA,Maximiliano Kevin Gómez Droguett,Felipe Roberto Villagra Peña EIRL
10701,58,958,INGENIERÍA,3314,SUP GESTION DOCUMENTALY EVALUACION DE PREVENCION DE RIESGOS,Cynthia Toro Castro,Felipe Roberto Villagra Peña EIRL
10749,58,958,INGENIERÍA,3331,JEFE DE TECNOLOGIAS DE PROCESOS,Jean Villalobos,Felipe Roberto Villagra Peña EIRL
10752,58,958,INGENIERÍA,3333,SUPERVISOR DE CUBICACIONES,Camilo Juan Cruz Tapia,Felipe Roberto Villagra Peña EIRL
10761,58,958,INGENIERÍA,3342,HIDROGEOLOGO MODELADOR,Catalina Amparo Hernández Benítez,Felipe Roberto Villagra Peña EIRL
10763,58,958,INGENIERÍA,3343,SUPERVISOR DE PLANIFICACION,Claudia Marlene Bravo Díaz,Felipe Roberto Villagra Peña EIRL
10768,58,958,INGENIERÍA,3347,AREA PROJECT MANAGER,Jaime Fernando Contreras Chandía,Felipe Roberto Villagra Peña EIRL
10769,58,958,INGENIERÍA,3348,LIDER DE ADMINISTRACION DE CONTRATOS,Juliana Ana Cubillos González,Felipe Roberto Villagra Peña EIRL
10776,58,958,INGENIERÍA,3350,GERENTE SITE CAPITAL SALAR,Jorge Mella,Felipe Roberto Villagra Peña EIRL
10780,58,958,INGENIERÍA,3351,COORDINADOR DE CONSTRUCCION,Cristobal Ortega Gómez,Felipe Roberto Villagra Peña EIRL
10796,58,958,INGENIERÍA,3358,ESPECIALISTA CONTROL DOCUMENTAL,Roberto Monsalve,Felipe Roberto Villagra Peña EIRL
10797,58,958,INGENIERÍA,3359,COORDINADOR DE CONTRATOS,Manuel Juan Jara Caro,Felipe Roberto Villagra Peña EIRL
10799,58,958,INGENIERÍA,3360,GERENTE DE PORTAFOLIO DE PROYECTOS,Alejandro Enrique Figueroa Luengo,Felipe Roberto Villagra Peña EIRL
10806,58,958,INGENIERÍA,3365,GERENTE DE INGENIERIA,Sergio Cid Escobar,Felipe Roberto Villagra Peña EIRL
10807,58,958,INGENIERÍA,3366,CONSTRUCCION MANAGER,Gloria María León Padilla,Felipe Roberto Villagra Peña EIRL
10813,58,958,INGENIERÍA,3370,ESTIMADOR SENIOR DE PROYECTOS,Verónica Núñez Cabezas,Felipe Roberto Villagra Peña EIRL
10814,58,958,INGENIERÍA,3371,JEFE DE ASEGURAMIENTO CALIDAD,Margarita Sepúlveda Orellana,Felipe Roberto Villagra Peña EIRL
10815,58,958,INGENIERÍA,3371,JEFE DE ASEGURAMIENTO CALIDAD,María Ivonne Galaz Carvajal,Felipe Roberto Villagra Peña EIRL
10850,58,958,INGENIERÍA,3390,JEFE DE PROYECTOS,María Martínez Quezada,Felipe Roberto Villagra Peña EIRL
10851,58,958,INGENIERÍA,3391,INGENIERO PROCESO,Ingrid Rodríguez,Felipe Roberto Villagra Peña EIRL
10852,58,958,INGENIERÍA,3391,INGENIERO PROCESO,Alexandra Vásquez,Felipe Roberto Villagra Peña EIRL
10856,58,958,INGENIERÍA,3313,INSP. TÉCNICO DE OBRA,Iris Josefina Córdova Olave,Felipe Roberto Villagra Peña EIRL
10864,58,958,INGENIERÍA,3397,PLANIFICADOR / PROGRAMADOR,Eduard Vicente Cepeda Castro,Felipe Roberto Villagra Peña EIRL
10869,58,958,INGENIERÍA,3401,INGENIERO MECANICO PIPING,Carlos Martinez,Felipe Roberto Villagra Peña EIRL
10871,58,958,INGENIERÍA,3403,INGENIERO CONTROL PROYECTOS,Manuel Sergio González Vergara,Felipe Roberto Villagra Peña EIRL
10879,58,958,INGENIERÍA,3409,CONTROLADOR DE OBRA,Marta Pérez,Felipe Roberto Villagra Peña EIRL
10881,58,958,INGENIERÍA,3410,COORDINADOR DE CAMBIOS,Lorena Medina,Felipe Roberto Villagra Peña EIRL
10892,58,958,INGENIERÍA,3417,LIDER DE PROYECTOS,María Jennifer Cruz Rojas,Felipe Roberto Villagra Peña EIRL
10907,58,958,INGENIERÍA,3417,LIDER DE PROYECTOS,María Nicole Soto Peña,Felipe Roberto Villagra Peña EIRL
10909,58,958,INGENIERÍA,3429,INGENIERO PLANIFICADOR,Sergio Hernán Canales Herrera,Felipe Roberto Villagra Peña EIRL
10913,58,958,INGENIERÍA,3429,INGENIERO PLANIFICADOR,Cristian Carlos Vargas Sanhueza,Felipe Roberto Villagra Peña EIRL
10914,58,958,INGENIERÍA,3432,GERENTE DE INGENIERIA DE PROYECTOS,Leonardo Rubén Valdebenito Riveros,Felipe Roberto Villagra Peña EIRL
10922,58,958,INGENIERÍA,3435,INGENIERO DE MEJORA CONTINUA,Gloria González Cornejo,Felipe Roberto Villagra Peña EIRL
10937,58,958,INGENIERÍA,3442,INGENIERO DISEÑO ELECTRICO,Carlos Eduardo Carmona Baeza,Felipe Roberto Villagra Peña EIRL
10938,58,958,INGENIERÍA,3443,INGENIERO LIDER DE PROYECTO,Marco Pablo Cortez Uribe,Felipe Roberto Villagra Peña EIRL
10939,58,958,INGENIERÍA,3444,INGENIERO DE DATOS HIDROGEOLOGICOS,Danilo Alarcón Molina,Felipe Roberto Villagra Peña EIRL
10949,58,958,INGENIERÍA,3390,JEFE DE PROYECTOS,Luis Camilo Lagos Sánchez,Felipe Roberto Villagra Peña EIRL
10951,58,958,INGENIERÍA,3429,INGENIERO PLANIFICADOR,José Renato Castro Bello,Felipe Roberto Villagra Peña EIRL
10964,58,958,INGENIERÍA,3448,LIDER DE CALIDAD,Luis Exequiel Venegas Vargas,Felipe Roberto Villagra Peña EIRL
10978,58,958,INGENIERÍA,3455,INGENIERO DE PROYECTO,Amelia María Pastén Rodríguez,Felipe Roberto Villagra Peña EIRL
11023,58,958,INGENIERÍA,3313,INSP. TÉCNICO DE OBRA,Francisca Bárbara Valencia Norambuena,Felipe Roberto Villagra Peña EIRL
11031,58,958,INGENIERÍA,3465,SUBGERENTE DE PORTAFOLIO,Catalina Loyola,Felipe Roberto Villagra Peña EIRL
11047,58,958,INGENIERÍA,3467,GEOLOGO ANALISTA,Tomás Cofré Castillo,Felipe Roberto Villagra Peña EIRL
11069,58,958,INGENIERÍA,3351,COORDINADOR DE CONSTRUCCION,Antonella Elgueta Saavedra,Felipe Roberto Villagra Peña EIRL
11070,58,958,INGENIERÍA,3477,SUPERVISOR DE PUESTA EN MARCHA ELECTRICO INSTRUMENTISTA,Carlos Fuentes,Felipe Roberto Villagra Peña EIRL
11072,58,958,INGENIERÍA,3478,INGENIERO ELECTRICO,Patricia Lidia Pinto Barrera,Felipe Roberto Villagra Peña EIRL
11077,58,958,INGENIERÍA,3371,JEFE DE ASEGURAMIENTO CALIDAD,Nelly Olga Gutiérrez Gaete,Felipe Roberto Villagra Peña EIRL
11082,58,958,INGENIERÍA,3401,INGENIERO MECANICO PIPING,Fernando Luis Araya González,Felipe Roberto Villagra Peña EIRL
11083,58,958,INGENIERÍA,3403,INGENIERO CONTROL PROYECTOS,Mireya Emma Villalobos Navarrete,Felipe Roberto Villagra Peña EIRL
11087,58,958,INGENIERÍA,3313,INSP. TÉCNICO DE OBRA,Anita Castro,Felipe Roberto Villagra Peña EIRL
6548,58,248,LABORATORIO,1547,Ayudante laboratorio,Margarita Katherine Salazar Fuentes,Felipe Roberto Villagra Peña EIRL
7531,58,248,LABORATORIO,1546,laboratorista,Sarai Camila Navarro Osorio,Felipe Roberto Villagra Peña EIRL
7532,58,248,LABORATORIO,1546,laboratorista,Fernanda San Martín-Muñoz,Felipe Roberto Villagra Peña EIRL
8302,58,248,LABORATORIO,1546,laboratorista,William Jorge Fernández Ortiz,Felipe Roberto Villagra Peña EIRL
8303,58,248,LABORATORIO,1546,laboratorista,Fernanda Yesica Muñoz Peralta,Felipe Roberto Villagra Peña EIRL
8304,58,248,LABORATORIO,1546,laboratorista,David Vicente Caro Silva,Felipe Roberto Villagra Peña EIRL
8414,58,248,LABORATORIO,1546,laboratorista,María Carolina Pérez Estrada,Felipe Roberto Villagra Peña EIRL
8514,58,248,LABORATORIO,1546,laboratorista,Sophia Johanna Villalobos González,Felipe Roberto Villagra Peña EIRL
1525,24,84,LOGISTICA,159,JEFE DE ABASTECIMIENTO,Constanza Cortés,Laboratorio Vergara y Asociados Limitada
1534,24,84,LOGISTICA,163,LIDER MECANICO,Johanna Flores Uribe,Laboratorio Vergara y Asociados Limitada
1657,24,84,LOGISTICA,176,PAÑOLERO,Juana Eloísa Olguín Baeza,Laboratorio Vergara y Asociados Limitada
1685,24,84,LOGISTICA,184,JEFE DE TURNO,Maritza Rivas Lagos,Laboratorio Vergara y Asociados Limitada
1716,24,84,LOGISTICA,176,PAÑOLERO,Carolina Cisterna Vargas,Laboratorio Vergara y Asociados Limitada
1720,24,84,LOGISTICA,176,PAÑOLERO,Valeria Cofré Muñoz,Laboratorio Vergara y Asociados Limitada
1765,24,84,LOGISTICA,176,PAÑOLERO,Jacqueline Paola Cáceres Moncada,Laboratorio Vergara y Asociados Limitada
1776,24,84,LOGISTICA,176,PAÑOLERO,Segundo Eduardo Parra Baeza,Laboratorio Vergara y Asociados Limitada
2387,31,111,Logistica,502,Coordinador Logística,Bianca Mónica Toledo Mora,Laboratorio Blanco y Novoa Ltda.
2393,31,111,Logistica,484,Encargado Logística 2,Cristian Cancino,Laboratorio Blanco y Novoa Ltda.
2399,31,111,Logistica,451,Chofer,Jacqueline Camila Pérez Rojas,Laboratorio Blanco y Novoa Ltda.
2452,31,111,Logistica,451,Chofer,Juan Cristóbal Henríquez-Silva Zapata,Laboratorio Blanco y Novoa Ltda.
6095,77,336,Logistica,1354,Operador Camión Pluma,Sebastián Fuentes Muñoz,Corporación Meza y Asociados Sociedad Anónima
6099,77,336,Logistica,1357,Operador Manitou,Daniela Andrea Valdés Silva,Corporación Meza y Asociados Sociedad Anónima
6109,77,336,Logistica,1365,Operador Camión Tolva,Isaac Cerda González,Corporación Meza y Asociados Sociedad Anónima
6115,77,336,Logistica,1354,Operador Camión Pluma,Manuel Carlos Arroyo Cabello,Corporación Meza y Asociados Sociedad Anónima
6125,77,336,Logistica,1354,Operador Camión Pluma,Angie Mirtha Riquelme Valdivia,Corporación Meza y Asociados Sociedad Anónima
6127,77,336,Logistica,1354,Operador Camión Pluma,Natalia Muñoz,Corporación Meza y Asociados Sociedad Anónima
6134,77,336,Logistica,1377,Operador Cargador Frontal,Verónica Kimberly Ríos Cortés,Corporación Meza y Asociados Sociedad Anónima
6139,77,336,Logistica,1381,Operador Multiple,Elba Eliana Valenzuela Díaz,Corporación Meza y Asociados Sociedad Anónima
6144,77,336,Logistica,1383,Chofer de Servicio,Juan Silva Castro,Corporación Meza y Asociados Sociedad Anónima
6164,77,336,Logistica,1383,Chofer de Servicio,Bastián Estay Mercado,Corporación Meza y Asociados Sociedad Anónima